b,',F,I,L,E,N,A,M,E,:,b
a,s,e,s,.,g,d,.,n,p,y,\
x,9,3,N,U,M,P,Y,\,x,0,1
\,x,0,0,v,\,x,0,0,{,\,'
d,e,s,c,r,\,',:, ,\,',|
u,1,\,',",", ,\,',f,o,r,t
r,a,n,_,o,r,d,e,r,\,',:
 ,F,a,l,s,e,",", ,\,',s,h
a,p,e,\,',:, ,(,7,8,4,","
),",", ,}, , , , , , , , 
 , , , , , , , , , , , 
 , ,\,n,?,\,x,f,f,P,\,x
d,e,\,x,a,6,>,<,\,x,f,5
},g,?,\,x,7,f,\,x,1,0,_
F,?,\,x,b,f,r,\,\,\,x,e
6,Q,\,x,c,f,\,x,c,2,|,&
>,\,x,7,f,?,X,?,\,x,9,d
\,x,8,2,\,x,f,8,\,x,1,f
\,x,0,3,\,x,0,1,\,x,d,9
?,\,',\,x,c,6,\,x,9,c,\
x,8,f,\,x,a,d,\,x,9,8,s
\,x,f,3,r,\,x,e,7,\,x,8
b,\,x,0,e,\,x,e,7,\,x,a
9,?,/,>,|,\,x,8,f,\,x,b
f,;,\,x,b,3,\,x,d,8,\,x
f,5, ,?,\,x,a,3,\,x,f,f
\,x,a,b,7,\,x,0,f,\,x,e
d,m,\,x,a,5,\,x,b,0,\,n
x,\,x,d,e,p,\,x,0,0,2,g
\,x,8,8,\,x,f,1,S,\,x,8
3,\,x,9,1,\,x,c,c,\,x,e
7,r,\,x,9,3,\,x,c,5,%,\
x,8,b,9,\,x,0,8,B,d,\,x
b,e,\,x,e,3,\,x,8,f,\,x
f,6, ,\,x,d,a,j,X,g,i,\
x,e,5,\,x,f,7,\,x,9,f,\
x,f,9,\,x,f,b,\,x,e,f,|
\,x,0,4,\,x,0,0,0,\,x,0
b,\,x,8,c,\,n,X,\,x,a,e
@,\,x,8,f,\,x,c,2,i,\,x
c,1,\,x,c,2,\,x,e,0,\,x
a,5,L,\,x,c,1,\,x,0,1,O
a,\,x,c,8,\,x,c,1,@,\,x
e,c,a,\,x,b,9,\,x,a,9,}
\,x,f,f,\,x,f,f,g,I,\,x
b,3,|,\,\,\,x,c,7,\,x,8
5,\,x,c,8,h,\,x,d,f,\,x
d,3,\,x,b,d,\,x,9,8,p,\
x,7,f,\,x,1,6,\,x,b,1,\
x,e,6,`,\,x,1,a,\,x,d,6
=,\,x,c,2,w,\,x,d,a,\,x
c,6,\,x,0,5,\,x,b,b,b,\
x,d,b,6,\,x,b,9,\,x,8,c
\,x,f,5,\,x,9,b,\,x,a,7
\,x,9,1,\,x,a,b,},],\,x
b,7,\,x,a,d,\,x,a,e,s,\
x,9,c,\,x,a,6,-,\,x,c,a
r,\,x,f,c,6,\,x,f,f,V,\
x,8,5,$,\,x,f,1,\,x,a,7
\,x,0,1,",",\,x,e,4,o,\,x
d,5,3,\,x,b,c,\,x,d,3,\
x,c,7,\,',\,x,b,4,5,\,x
c,b,#,\,x,e,4,\,x,9,4,j
\,x,1,8,\,x,e,f,\,x,e,7
\,x,d,5,\,x,8,e,\,x,a,0
\,x,8,9,\,x,c,1,\,x,8,0
\,x,a,e,@,\,x,1,0,V,I,\
x,c,0,\,x,e,5,\,x,c,d,\
x,f,4,\,x,0,1,\,x,8,6,\
x,a,0,X,\,x,a,8,j,s,[,\
x,f,b,\,x,c,7,\,x,d,7,t
\,x,d,b,\,x,0,f,U,\,x,a
5,g,^,\,x,0,6,\,x,9,5,\
x,d,0,t,\,x,d,d,\,x,c,7
y,\,x,a,2,~,\,x,1,9,\,x
0,6,\,x,1,5,\,x,8,d,\,x
f,f,],\,x,a,f,E,\,x,f,2
\,x,f,3,^,G,U,\,x,f,5,l
\,x,9,f,?,\,x,e,5,\,x,e
6,\,x,0,2,t,>,\,x,d,4,{
\,x,c,6,\,x,8,0,"""",\,x,c
4,v,\,x,e,e,\,x,8,5,\,x
1,6,\,x,1,8,\,x,f,1,0,\
x,c,1,(,\,x,0,b,\,x,0,2
\,x,1,8,0,<,\,x,c,c,f,\
x,d,5,B,\,x,f,d,\,x,0,e
6,\,x,1,e,0,q,\,x,e,b,1
\,x,0,e,`,\,x,c,8,\,x,b
e,@,O,\,x,e,1,\,x,a,1,u
\,x,b,4,v,_,\,x,e,6,\,x
1,1,\,x,b,e,s,\,x,d,9,\
\,},\,x,c,2,\,x,8,e,Z,^
\,x,1,a,\,x,0,8,x,Z,\,x
0,8,\,x,f,2,\,x,1,2,\,x
9,e,\,x,1,c,\,x,9,0,&,]
\,x,9,c,0,f,N,},\,x,1,d
y,\,x,d,3,\,x,c,f,I,5,\
x,d,a,\,x,d,7,\,x,a,5,\
x,f,2,\,x,9,c,\,x,c,3,\
x,e,9,\,x,9,6,m,\,x,c,0
\,x,e,8,j,\,x,f,0,^,\,x
c,6,G,\,x,d,d,\,x,e,2,\
x,1,7,\,x,9,2,!,\,x,1,8
\,x,8,6,\,x,0,5,u,i,^,\
x,1,1,\,x,c,a,\,x,8,a,\
x,8,c,x,\,x,1,e,~,\,x,8
0,\,x,8,2,\,x,e,9,\,n,\
x,c,c,h,&,\,x,e,8,i,\,x
1,c,\,x,e,9,:,\,x,9,2,e
\,x,9,4,\,x,8,1,f,9,\,n
\,x,a,a,\,x,c,6,(,b,\,x
d,c,|,\,x,c,3,\,x,a,3,\
x,0,8,&,&,\,x,8,3,`,v,\
x,e,9,\,x,b,b,\,x,f,7,c
w,F,l,\,x,1,3,",",d,~,Z,=
\,x,9,1,c,[,\,x,f,8,\,x
f,c,\,x,a,0,1,\,x,d,7,\
x,0,3,",",5,\,x,9,d,\,x,d
6,\,x,a,c,\,x,d,3,\,x,0
4,\,x,8,c,4,\,x,1,9,\,x
9,4,\,x,9,d,x,\,x,a,b,\
x,e,8,\,x,8,1,\,x,d,d,8
f,\,x,1,f,\,x,8,d,\,x,e
3,X,\,x,b,6,$,\,t,%,\,x
a,b,\,x,f,1,3,Q,\,x,9,5
\,x,f,3,\,x,1,2,9,\,x,9
e,\,x,e,3,\,x,f,c,\,x,e
0,L,L,h,},\,x,d,a,d,\,x
c,a,\,x,a,0,\,x,f,0,\,x
a,6,\,x,0,6,\,x,0,7,\,'
Y,\,x,e,2,K,\,x,9,7,\,x
a,2,\,x,8,9,\,x,d,8,2,\
x,0,2,\,x,a,7,8,\,x,b,e
%,\,x,0,3,&,H,\,x,0,0,j
\,x,0,b,!,\,x,1,c,#,n,\
x,d,1,\,x,8,7,M,\,r,\,x
0,e,\,x,1,1,4,\,x,e,9,\
x,0,7,],\,x,d,3,G,\,x,e
c,_,\,t,\,x,a,0,-,1,\,x
d,3,\,x,f,3,\,x,c,8,\,x
b,6,\,x,8,c,\,x,e,f,_,\
x,c,2,\,x,f,7,*,^,\,x,8
c,\,x,e,4,x,\,x,f,2,\,x
d,f,\,x,b,0,\,x,9,5,\,x
f,b,h,F,\,x,c,7,\,r,\,x
e,e,\,x,e,a,\,x,1,b,e,\
x,d,c,e,<,\,x,a,f,\,x,1
2,\,x,d,8,p,\,x,1,c,\,x
a,b,[,\,x,d,1,0,-,\,x,b
7,i,\,x,d,9,G,\,x,9,c,\
x,0,f,v,\,x,c,5,5,\,x,a
d,\,x,f,7,\,x,1,5,\,x,d
2,\,x,b,7,-,c,",",\,x,c,0
$,\,x,1,1,C,/,\,x,b,a,\
x,a,e,\,x,c,f,\,x,c,7,\
x,b,5,9,?,\,x,e,0,\,x,8
a,x,\,x,d,d,\,x,f,1,\,x
b,b,0,\,x,b,0,\,x,b,6,\
x,e,9,\,x,a,9,;,<,\,x,0
b,f,&,\,x,a,1,\,x,e,4,\
x,1,8,t,N,\,x,e,1,[,;,\
t,\,x,8,8,T,M,\,x,c,8,\
x,0,f,\,x,d,2,\,x,a,8,\
x,9,1,6,\,r,2,(,\,x,f,a
"""",\,x,8,b,&,\,x,b,4,\,x
8,5,),\,x,8,d,R,\,x,f,a
\,x,f,4,.,\,x,c,b,\,x,c
3,\,x,8,c,\,x,d,7,9,\,x
8,b,s,\,x,e,d,\,x,c,5,2
<,\,x,c,3,1,o,X,z,R,\,x
1,c,\,x,9,8,f,\,x,c,a,\
x,f,2,L,\,x,e,b,-,\,x,b
e,Z,+,*,\,x,e,0,\,x,8,c
\,x,9,2,\,x,b,4,\,x,c,e
\,x,e,2,\,x,c,b,2,\,x,8
4,\,x,f,7,#,H,\,x,d,e,\
x,e,0,\,x,a,8, ,O,\,x,8
3,H,\,x,d,2,+,\,x,8,9,\
x,0,2,\,x,9,0,\,x,c,3,4
\,x,8,2,\,x,c,9,D,6,V,>
1,H,],B,9,C,\,x,c,8,\,x
8,4,4,I,\,x,8,2,\,x,a,f
\,x,a,0,-,\,x,d,b,\,x,1
2,\,x,e,4,\,x,c,8,(,\,x
1,4,\,x,d,3,\,x,1,b,\,x
b,f,&,\,x,8,a,5,\,x,b,8
\,x,f,9,\,x,d,8,\,x,7,f
\,x,d,5,\,x,1,1,e,H,W,b
\,x,b,5,&,\,x,e,5,\,x,c
3,H,\,x,d,4,\,x,1,4,\,x
0,7,\,x,f,f,\,x,8,e,\,x
b,4,\,x,1,d,\,x,f,b,9,\
x,1,1,S,\,x,d,9,\,x,f,a
;,N,\,x,8,c,\,x,9,5,?,x
F,I,L,E,N,A,M,E,:,c,o,m
p,r,e,s,s,e,d,f,i,l,e,.
g,d,.,n,p,y,\,a,p,e,\,'
:, ,(,7,6,8,1,",", ,\,n,\
x,1,4,\,x,0,0,\,x,1,c,\
x,0,1,\,x,8,0,\,x,0,5,\
x,a,0,\,r,\,x,a,0,#,\,x
0,0,^,\,x,0,0,\,x,d,6,\
x,0,1,\,x,d,a,\,x,0,4,8
\,t,\,x,c,8,\,x,1,5,\,x
e,0,-,\,x,a,0,e,\,x,c,0
\,x,d,8,\,x,0,1,\,x,d,2
\,x,0,3,\,x,f,a,\,x,0,4
x,\,t,\,x,c,8,\,x,1,5, 
A,\,x,a,0,\,x,8,f,\,x,0
0,\,x,1,c,\,x,8,2,^,\,x
0,4,\,x,f,a,\,n,8,\,x,1
5,\,x,8,0,\,x,1,5,\,x,a
0,Y,\,x,a,0,\,x,8,b,\,x
8,1,Z,\,x,0,2,\,x,f,6,\
x,0,6,\,x,1,a,\,x,0,2,p
\,x,1,5,\,x,8,0,3,\,x,e
0,i,\,x,a,0,\,x,a,7,\,x
8,0,\,x,d,8,\,x,0,0,r,\
x,0,6,\,x,f,e,\,x,0,0,T
\,x,0,1,\,x,8,0,9,\,x,e
0,w,\,x,e,0,\,x,0,1,A,\
x,e,a,\,x,8,3,\,x,f,6,\
x,0,8,>,\,x,1,0,\,x,d,c
\,x,0,5,\,x,a,0,E,`,\,x
8,d,\,x,e,0,%,\,x,c,2,H
\,x,8,4,\,x,b,e,\,t,\,x
b,e,\,x,1,0,\,x,d,4,$,\
x,8,8,O,\,x,e,0,\,x,8,1
\,x,e,0,A,@,\,\,\,x,8,5
\,x,1,6,\,n,^,\,x,0,4,\
\,*,\,x,c,8,W, ,\,x,b,3
\,x,e,1,i,\,x,c,2,\,x,a
a,\,x,8,5,\,x,d,a,\,x,0
b,\,x,d,e,\,x,0,4,\,\,\
x,0,5,\,x,a,0,], ,\,x,c
3,\,x,e,0,a,\,x,c,2,J,\
x,8,5,\,x,d,a,\,x,0,c,~
\,x,0,0,\,x,1,c,\,r,\,x
8,0,e, ,\,x,c,f,\,x,e,0
e,\,x,c,0,^,\,x,0,6,\,x
9,2,\,r,~,\,n,p,\,x,0,1
\,x,8,8,\,x,0,7,`,\,x,d
b,\,x,e,0,a,C,~,\,x,8,2
^,\,x,0,e,\,x,1,e,\,x,1
c,\,x,b,4,:,\,x,1,0,v,\
x,1,0,\,x,f,2,A,\,x,e,e
\,x,0,3,\,x,e,3,\,x,0,7
\,x,f,a,\,x,1,0,\,x,1,e
\,x,0,0,d,A,\,x,a,8,\,x
1,6,a,\,x,0,b,\,x,a,0,\
x,8,8,\,x,8,1,\,x,b,c,\
x,0,1,\,x,e,6,\,x,1,0,\
x,d,e,\,x,0,6,\,x,0,c,D
\,x,c,8,\,x,8,a,a,\,x,1
b,\,x,e,1,n,\,x,c,4,x,\
t,\,x,1,6,\,x,1,2,z,\,n
\,x,1,4,$,\,x,c,0,?,!,+
\,x,e,0,E,\,x,c,0,X,\,x
8,5,\,x,1,2,\,x,1,2,\,x
f,e,\,x,0,6,\,x,1,4,\,x
0,5,\,x,e,0,-,!,3,\,x,e
0,\,x,8,9,\,x,c,2,\,x,a
a,\,t,\,x,b,6,\,x,1,3,\
x,b,e,\,x,0,6,\,\,\,x,1
e,\,x,e,8,\,x,9,f,\,x,a
1,C,\,x,e,0,\,x,0,5,@,\
x,9,8,\,x,0,3,\,x,9,2,\
x,1,4,Z,\,n,0,7,\,x,e,8
9,\,x,a,1,I,\,x,a,0,\,x
8,f,\,x,8,0,\,x,1,a,\,n
r,\,x,1,5,\,x,1,a,\,x,0
8,\,x,b,8,\,r,\,x,a,0,\
x,a,b,!,Y,\,x,e,0,G,E,z
\,x,8,b,\,x,1,a,\,x,1,6
~,-,\,x,0,8,[,X,\,x,b,8
\,x,9,1,v,\,x,0,2,\,x,f
0,\,x,0,3,\,x,a,3,\,x,8
b,\,x,e,1,\,x,1,8,\,x,0
4,/,L,a,x,\,x,c,4,Q,\,x
8,e,C, ,\,x,c,6,W,\,x,8
c,\,x,c,5,\,x,1,9,\,x,e
0,4,(,i,\,x,1,0,\,x,d,4
\,x,9,1,\,x,a,e,C,d,\,x
c,6,\,x,d,5,\,x,8,d,\,x
c,d,\,x,1,b,\,x,e,0,6,\
x,0,8,p,\,x,8,0,\,x,e,3
 ,C,\,x,e,0,g,G,*,\,x,8
e,z,\,x,1,d,\,x,1,e,\,x
0,6,x,\,t,\,x,e,0,\,x,0
1,!,\,x,d,7,\,x,a,0,c,\
x,8,0,\,x,d,a,\,x,8,a,z
\,x,1,d,\,x,9,a,\,x,1,0
\,x,f,0,\,t,\,x,a,0,\,x
e,f,a,#,\,x,a,0,G,\,x,8
1,\,\,\,x,0,0,R,\,x,1,e
\,x,1,a,\,x,1,0,\,x,b,0
\,t,\,x,c,8,\,x,0,5,a,\
x,e,5,\,x,a,0,\,',\,x,8
1,X,\,x,0,0,Z,\,x,1,e,\
x,9,a,\,x,0,4,p,{,\,x,8
8,\,r,`,=,\,x,a,0,\,x,a
7,\,x,8,0,\,x,9,c,\,x,0
3,>,\,x,1,f,\,x,1,a,\,n
0,\,x,0,1,\,x,8,0,9,!,\
x,f,5,\,x,a,0,\,x,8,f,\
x,8,0,\,x,d,c,\,x,8,f,\
x,d,a,\,x,1,f,\,x,d,a,\
x,0,2,p,\,x,0,1,\,x,8,8
3,\,x,e,2,\,x,0,1,\,x,a
0,G,\,x,0,0,\,x,9,c,\,x
8,6,V, ,Z,\,x,0,8,\,x,b
0,\,t,\,x,c,8,/,!,M,\,x
a,0,\,',\,x,0,1,\,x,e,e
\,x,8,6,\,x,9,6,\,x,1,d
\,x,1,a,\,n,8,\,x,1,5,\
x,8,8,9,\,x,e,1,\,x,f,1
\,x,a,0,\,',\,x,0,0,\,x
1,8,\,x,8,3,>,\,x,1,e,\
x,1,a,\,x,0,4,8,\,x,1,5
\,x,c,0,\,x,1,5,\,x,a,2
\,t,\,x,a,0,\,x,a,2,\,x
f,6, ,\,x,d,a,\,n,x,\,t
\,x,8,0,9,\,x,e,2,\,x,1
1,\,x,a,0,\,x,8,b,\,x,8
1,\,\,\,x,8,0,V,\,x,0,3
\,x,d,a,\,n,8,\,r,\,x,8
1,\,x,0,b,\,x,e,1,\,x,e
1,\,x,a,0,\,x,8,f,\,x,8
0,\,x,d,8,\,x,8,0,~,!,\
x,9,a,\,n,8,\,r,\,x,8,8
\,x,0,5,\,x,a,2,\,x,1,d
\,x,a,0,#,\,x,8,2,\,x,a
e,\,x,8,0,\,x,d,2,"""",\,x
1,a,\,x,0,8,\,x,b,0,\,x
1,5,\,x,c,0,\,x,1,5,b,%
\,x,a,0,\,x,a,7,\,x,0,1
X,\,x,0,0,^,\,x,1,9,\,x
1,a,\,x,0,8,\,x,f,0,\,x
1,5,\,x,8,8,e,"""",),\,x,a
0,\,x,a,3,\,x,0,0,\,x,9
8,\,x,8,0,V, ,Z,\,n,p,X
\,x,e,8,9,!,\,x,e,5,\,x
a,0,\,x,a,0,R,"""",\,x,d,a
\,n,p,\,x,0,1,\,x,c,0,\
x,1,d,b,/,\,x,a,1,o,\,x
0,0,\,x,9,a,\,x,8,2,\,x
f,6,#,\,x,1,a,\,x,0,4,0
\,t,\,x,a,1,\,x,1,b,\,x
a,2,;,\,x,a,1,\,x,0,b,\
x,0,0,\,x,d,c,\,x,0,3,>
#,\,x,d,a,\,x,1,6,a,7,b
A,\,x,a,0,C,\,x,0,0,\,x
1,c,\,x,0,1,\,x,d,6,$,Z
\,x,0,8,\,x,b,8,\,x,1,5
\,x,c,0,\,x,0,5,"""",\,x,0
5,\,x,a,0,\,x,a,7,\,x,8
0,\,x,d,c,\,n,v,$,\,x,9
a,\,n,p,{,\,x,8,0,\,r,!
I,\,x,a,0,C,\,x,0,0,\,x
9,c,\,x,8,2,\,x,f,6,$,\
x,d,a,\,x,0,8,\,x,f,0,\
x,1,5,\,x,c,0,%,b,S,\,x
a,1,o,\,x,8,0,\,x,d,a,\
x,0,2,\,x,f,6,%,Z,\,x,0
4,8,\,x,0,1,\,x,a,1,-,""""
_,\,x,a,0,G,\,x,8,1,\,\
\,x,0,1,R,\,x,0,3,Z,\,x
1,6,\,x,b,0,\,r,\,x,a,0
\,x,e,f,"""",a,\,x,a,0,C,\
x,0,1,\,\,\,x,0,2,Z,%,\
x,f,a,\,x,1,6,\,x,b,0,\
r,\,x,c,8,\,x,f,d,a,\,x
f,1,\,x,a,0,G,\,x,8,0,\
x,9,a,\,x,0,2,^,&,Z,\,n
8,\,r,\,x,8,0,9,"""",U,\,x
a,1,k,\,x,8,0,\,x,d,a,\
x,9,1,\,x,b,2,\,x,0,0,\
x,9,a,\,n,x,\,t,\,x,c,9
5,\,x,e,2,\,x,1,7,\,x,a
1,k,\,x,8,1,Z,\,x,8,a,r
&,\,x,f,a,\,x,0,6,0,\,x
9,c,\,x,8,9,:,R,x,A,\,x
e,a,\,t,\,x,b,5,\,x,9,3
\,x,e,9,(,\,x,0,0,/,\,x
0,c,p,\,x,a,8,\,x,0,f,""""
\,x,8,5,\,x,e,0,%,\,n,","
\,x,1,4,b,),:,\,x,0,6,`
\,x,a,5,\,x,8,8,\,x,e,a
\,x,e,2,\,x,9,b,\,x,e,0
f,\,x,c,a,x,\,x,1,5,\,x
1,a,*,z,\,x,0,2,\,x,1,4
\,x,1,e,\,x,8,9,\,x,1,7
\,x,e,0,\,x,c,7,\,x,e,1
\,r,\,x,c,2,\,x,a,a,\,x
8,2,\,x,d,2,*,\,x,b,e,\
x,1,6,\,x,d,4,*,\,x,a,0
\,x,9,b,\,x,a,2,\,x,a,f
\,x,e,0,e,B,N,\,x,8,5,\
x,d,6,+,>,\,x,0,0,\,x,1
4,\,x,0,1,\,x,8,0,e, ,\
x,8,9,\,x,a,0,\,',\,x,0
2,N,\,x,8,6,\,x,9,e,+,Z
\,n,x,\,x,1,5,\,x,c,0,\
x,0,5,\,x,a,2,\,x,b,9,\
x,a,0,\,x,a,7,\,x,0,0,\
x,d,8,\,x,8,2,Z,\,x,1,d
\,x,b,a,\,x,0,6,p,\,r,\
x,e,1,_,\,x,a,2,\,x,b,b
\,x,a,0,c,\,x,8,7,(,\,x
9,6,\,x,1,6,\,x,1,2,>,\
x,1,0,\,x,f,c,W,\,x,e,1
b,\,x,1,2,\,x,c,8,\,x,0
3,d,\,x,8,3,\,x,a,3,\,x
8,0,\,x,8,1,",",\,x,e,0,Z
\,x,0,8,\,x,b,5,\,x,1,9
l,\,x,d,0,\,x,f,2,B,\,x
d,6,\,x,0,b,q,\,x,1,7,\
r,.,@,\,x,1,e,\,x,a,8,\
x,9,b,\,x,1,9,t,\,x,9,2
\,x,e,c,\,x,0,1,\,x,e,e
\,x,0,3,\,x,e,7,\,x,9,7
\,x,8,9,/,d,4,\,x,0,c,m
\,x,1,9,|,\,x,1,2,\,x,f
e,\,x,0,2,\,x,d,4,\,x,8
c,\,x,0,8,\,x,1,6,-,0,~
\,x,1,6,\,x,f,c,\,x,9,c
\,x,c,8,\,x,e,d,\,x,a,3
\,t,\,x,e,0,\,x,a,7,L,8
\,x,9,8,\,x,9,2,1,^,\,n
4,W,\,x,8,0,\,x,0,1,\,x
e,3,\,x,1,9,\,x,e,0,\,'
\,x,c,9,\,x,c,c,\,x,1,8
\,x,f,6,2,\,x,1,e,\,x,0
6,p,\,x,1,5,\,x,e,0,\,x
a,b,a,\,x,f,1,\,x,e,0,\
',A,^,\,x,9,1,\,x,b,6,2
z,\,x,1,6,\,x,f,0,\,x,1
5,\,x,e,0,\,x,a,9,\,x,e
0,7,\,x,a,1,k,\,x,8,1,Z
\,x,8,e,\,x,f,6,2,\,x,b
a,\,x,0,0,p,\,x,1,5,\,x
e,8,\,x,a,9, ,c,\,x,a,1
\,x,0,f,\,x,8,0,\,x,d,a
\,x,9,5,\,x,f,6,\,x,1,d
\,x,1,e,\,x,0,6,0,\,x,0
1,\,x,e,0,%,\,x,e,3,/,\
x,a,1,\,x,0,b,\,x,8,0,\
x,d,a,\,x,1,0,\,x,9,a,!
:,\,x,1,0,\,x,f,8,\,x,1
5,\,x,a,0,%,#,3,\,x,a,0
\,x,0,7,\,x,8,0,\,x,1,e
\,x,1,0,\,x,9,e,0,Z,\,x
1,0,\,x,f,0,\,t,\,x,a,1
-,\,x,e,0,\,x,0,f,\,x,a
1,k,\,x,8,0,\,x,d,c,\,x
8,2,\,x,f,6, ,\,x,1,a,\
x,1,0,\,x,b,8,\,x,1,5,\
x,e,1,_,\,x,e,0,;,\,x,a
0,\,x,0,3,\,x,0,0,\,x,1
a,\,x,0,e,\,x,f,a,3,z,\
x,0,6,8,\,r,\,x,e,8,\,x
a,9,#,\,',\,x,a,1,\,x,0
f,\,x,8,0,\,x,9,a,\,x,1
5,\,x,f,6,\,x,1,6,z,\,x
0,0,8,\,x,1,5,\,x,e,1,\
x,1,b,"""",#,\,x,a,1,o,\,x
8,1,^,\,x,0,0,\,x,1,2,3
\,x,b,a,\,x,1,6,\,x,b,8
\,x,0,1,\,x,a,0,\,x,e,f
c,?,0,0,\,x,1,a,$,:,\,x
1,0,\,x,f,0,\,x,0,1,\,x
a,1,_,\,x,e,3,A,\,x,e,0
\,x,a,7,@,\,x,d,e,\,x,1
0,\,x,9,a,!,z,\,x,0,6,p
W,\,x,8,9,\,x,8,f, ,\,x
e,1,\,x,e,0,#,@,\,x,1,e
\,x,1,5,\,x,f,6,4,z,\,x
0,0,8,\,x,9,c,\,x,8,0,\
x,a,9,#,K,\,x,d,a,\,x,9
0,\,x,9,6,1,\,x,9,e,\,n
4,\,t,\,x,e,9,\,t,c,3,\
x,a,0,c,\,x,8,0,\,x,d,e
\,x,9,8,\,x,f,2,4,\,x,d
e,\,x,0,6,8,\,x,0,1,\,x
e,1,\,t,\,x,a,3,Q,\,x,e
0,#,\,x,c,7,(,\,n,\,x,9
6,\,x,1,5,\,x,b,a,\,x,0
0,0,\,x,0,1,\,x,e,8,\,x
a,b,\,x,e,2,-,\,x,e,0,\
x,a,3,\,x,c,5,x,\,x,1,a
\,x,b,a,5,\,x,b,a,\,x,0
6,x,r,\,x,8,0,\,x,a,b,\
x,e,3,I,\,x,e,0,#,@,\,x
9,e,\,x,8,0,\,x,1,6,0,\
x,9,e,\,n,t,W,\,x,c,1,\
x,a,f,\,x,e,0,7,\,x,a,0
\,x,0,3,\,x,8,0,\,x,1,e
\,x,8,c,\,x,9,2,6,\,x,1
e,\,x,0,2,|,W,\,x,8,1,\
t,\,x,e,1,\,x,1,7,\,x,a
0,\,x,0,3,\,x,8,9,\,x,c
8,\,x,9,b,6,6,\,x,9,e,\
x,0,2,t,\,x,9,c,\,x,8,0
\,x,a,9, ,\,x,e,1,\,x,e
0,\,x,a,7,\,x,c,5,|,\,x
0,e,\,x,d,2,6,\,x,f,a,\
x,0,0,p,\,t,\,x,e,8,\,x
c,9,\,x,a,3,q,\,x,e,0,\
x,a,7,\,x,c,5,x,\,x,8,0
\,x,1,6,\,x,1,e,\,x,b,a
\,x,0,2,t,r,\,x,8,1,\,x
8,f,`,-,\,x,e,0,\,',A,^
\,x,8,c,\,x,9,a,2,\,x,d
e,\,x,0,4,t,\,x,9,c,\,x
a,0,\,x,e,d,\,x,e,3,u,\
x,e,0,#,I,\,x,c,c,\,x,1
b,\,x,d,6,\,x,0,6,\,x,9
e,\,x,0,4,t,W,\,x,c,0,\
x,a,b,\,x,e,2,[,\,x,a,0
\,x,0,7,\,x,8,7,(,\,x,9
b,\,x,f,6,\,x,1,e,\,x,9
e,\,n,<,\,r,\,x,e,8,\,x
c,9,b,\,r,\,x,e,0,\,x,8
f,\,x,c,c,<,\,x,9,8,\,x
f,e,5,\,x,1,e,\,x,0,2,4
\,x,9,c,\,x,8,1,\,x,c,1
"""",\,x,0,7,\,x,e,1,\,x,e
8,\,x,0,8,!,\,x,9,c,-,8
\,x,8,0,4,d,\,x,e,3,q,\
x,c,8,\,x,9,3,\,x,9,4,\
x,0,7,4,G,.,\,x,1,0,>,9
\,x,d,a,\,n,$,\,x,e,8,\
x,c,1,\,x,d,2,#,\,x,a,9
\,x,e,0,\,x,0,4,\,x,c,7
Z,\,x,9,d,~,;,\,x,1,a,\
x,0,4,X,G,\,x,a,0,\,x,1
f,\,x,e,3,\,x,b,5,\,x,e
0,a,\,x,c,1,\,\,\,x,1,1
\,x,b,a,\,x,0,4,:,\,x,1
0,\,x,b,0,\,t,\,x,a,8,\
x,e,f,c,\,x,1,7,\,x,a,0
c,\,x,8,7,(,\,n,\,x,9,2
\,x,0,0,\,x,b,a,\,a,b,""""
\,r,\,x,e,0,#,\,x,c,c,8
\,x,8,a,\,x,9,6,\,x,1,d
z,\,x,0,0,x,r,\,x,8,8,\
x,e,b,\,x,a,2,%,\,x,e,0
\,',E,x,\,x,8,e,\,x,d,2
1,^,\,x,1,6,\,x,b,4,W,\
x,e,1,\,x,a,d,b,U,\,x,e
1,k,\,x,c,7,.,\,x,1,6,%
\,x,1,b,\,x,c,0,4,\,x,0
8,:,Y,\,x,d,c,S,\,x,b,e
\,x,0,3, ,\,x,8,3,\,x,e
1,\,x,9,6,\,x,c,5,.,$,2
\,x,0,4,\,x,f,0,y,\,x,e
2,\,x,1,3,\,x,c,a,\,x,0
5,\,x,a,6,\,x,0,f,1,\,x
9,e,\,x,8,9,=,D,4,l,\,x
e,3,1,\,x,e,d,\,x,d,3,\
x,d,e,B,\,x,d,1,\,x,0,f
\,x,8,7,\,x,1,f,),>,\,x
8,4,\,x,1,e,\,x,a,c,\,x
9,b,y,\,x,f,6,S,\,x,f,0
\,x,0,3, ,\,x,c,6,\,x,1
3,\,x,9,f,\,x,a,5,?,\,x
8,4,-,L,\,x,8,2,y,\,x,f
e,\,x,d,4,\,x,0,0,\,x,0
3,`,\,x,1,0,\,x,1,1,\,x
8,c,!,@,\,x,8,0,\,x,8,1
\,x,8,8,\,x,c,3,\,x,e,8
\,x,e,3,!,?,\,x,e,1,k,\
x,c,5,~,\,x,8,e,^,2,\,x
b,e,\,x,1,0,\,x,f,c,\,x
9,c,\,x,a,0,\,x,e,7,\,x
a,0,\,x,e,3,\,x,e,1,o,\
x,c,5,~,\,x,9,a,\,x,d,2
$,^,\,x,0,4,t,\,x,9,c,\
x,c,9,O,#,K,\,x,e,1,k,\
x,c,c,:,\,x,0,e,v,\,x,1
9,\,x,1,e,\,x,0,8,\,x,f
c,\,x,9,c,\,x,a,1,O,\,x
e,4,\,x,1,3,\,x,e,1,\,x
0,b,L,<,\,x,0,e,\,x,b,2
A,^,\,x,0,4,4,\,x,c,3,\
x,a,0,\,x,e,7,$,\,x,1,9
\,x,e,0,\,x,8,f,E,|,\,x
9,6,\,x,1,6,3,\,x,f,e,\
x,1,6,\,x,b,c,\,x,c,3,\
x,a,0,\,x,e,7,\,x,a,3,\
x,8,1,\,x,e,1,\,x,0,b,\
x,c,5,z,\,x,8,b,\,x,1,6
%,\,x,f,e,\,x,0,4,<,r,\
x,8,8,\,x,e,d,\,x,a,3,\
x,a,f,\,x,e,1,\,x,0,b,G
*,\,x,1,b,\,x,f,e,"""",\,x
9,e,\,x,0,6,x,\,x,c,3,\
x,8,1,\,x,b,3,\,x,a,4,\
x,1,f,\,x,e,0,c,I,\,x,c
a,\,x,8,e,r,\,x,1,d,\,x
9,e,\,x,1,0,\,x,f,4,\,x
9,c,\,x,a,8,\,x,1,b,"""",\
x,1,f,\,x,e,0,G,\,x,c,5
|,\,x,9,6,\,x,1,6, ,\,x
b,e,\,x,1,0,\,x,b,c,r,\
x,a,8,\,x,0,b,\,x,a,4,#
\,x,e,0,\,x,8,b,G,",",\,x
9,4,\,x,f,e,A,~,\,x,0,6
t,W,\,x,a,8,\,x,e,7,$,%
\,x,e,1,k,G,*,\,x,8,e,V
!,>,\,x,1,0,\,x,f,c,W,\
x,a,1,O,"""",\,x,1,7,\,x,e
0,c,G,*,\,x,9,a,\,x,d,6
B,\,x,9,c,\,x,a,2,\,x,1
3,\,x,e,2,K,\,x,e,0,c,\
x,c,5,~,\,x,8,0,\,x,b,a
$,>,\,x,0,0,5,\,x,0,b,q
\,x,8,3,$,3,\,x,e,1,k,\
x,c,9,\,x,c,a,\,x,8,b,\
x,1,2,\,x,0,3,\,x,b,e,\
x,0,6,|,r,\,x,e,8,\,x,e
5,\,x,a,3,k,\,x,e,0,\,x
0,3,L,:,\,x,9,6,!,C,@,s
\,x,0,0,W,\,x,e,0,\,x,0
b,d,;,\,x,e,8,\,x,7,f,E
\,x,b,1,\,x,0,b,i,D,\,x
0,0,\,x,0,6,<,\,x,c,3,\
x,a,8,\,x,b,1,\,x,e,4,G
\,x,e,8,\,x,7,f,\,x,c,c
\,x,0,8,\,x,0,e,Z,D,\,x
b,e,\,x,1,6,\,x,b,4,\,x
9,c,\,x,a,8,\,x,1,b,\,x
e,3,?,\,x,e,7,0,\,x,0,7
.,\,x,1,4,\,x,f,a,%,>,*
\,x,b,4,[,\,x,1,0,\,x,b
6,\,x,9,4,@,\,x,0,0,g,\
x,c,c,>,\,x,8,b,\,x,1,e
$,~,\,x,1,e,\,x,8,0,\,x
8,2,\,x,1,1,\,x,8,3,#,c
\,x,e,1,k,\,x,c,5,~,\,x
1,e,\,x,c,d,D,\,x,c,0,-
\,x,0,8,\,x,c,0,\,x,8,0
\,x,1,b,d,G,\,x,e,2,\,x
a,b,C,\,x,a,1,!,\,x,a,1
\,x,0,1,\,x,0,0,s,\,x,0
0,\,x,9,c,\,x,e,8,\,x,1
b,\,x,e,1,\,x,a,c,\,x,0
1,\,x,e,c,\,x,9,0,\,x,1
1,\,x,8,c,!,%,~,\,x,0,0
t,\,x,c,3,\,x,e,1,b,\,x
9,0,\,x,e,c,\,x,0,8,\,x
1,8,\,x,8,9,\,x,c,e,\,x
9,a,\,x,d,6,"""",~,*,\,x,b
d,\,x,0,1,\,x,1,0,\,x,b
6,T,P,\,x,0,8,\,x,1,8,\
x,0,c,>,\,x,8,1,\,x,b,2
/,\,x,c,0,-,\,x,0,1,\,x
0,1,\,x,1,8,\,x,b,6,\,x
1,0,k,\,x,e,0,g,I,\,x,c
e,\,x,9,6,-,E,@,-,\,x,0
8,p,\,x,8,0,\,x,e,5,d,[
\,x,e,8,\,x,7,f,\,x,c,3
\,x,a,1,\,x,a,2,\,x,e,5
F, ,Z,@,m,\,x,1,a,2,\,x
9,4,j,A,\,x,e,d,\,x,9,1
\,x,b,1,\,x,a,3,\,x,8,5
F, ,\,x,0,6,5,\,x,1,d,\
x,a,a,=,$,\,x,7,f,\,x,a
0,\,x,a,5,\,x,1,2,\,n,\
x,0,c,\,x,8,6,),>,\,n,X
\,x,a,7,\,x,e,9,\,x,1,7
$,\,x,8,5,\,x,e,0,!,\,x
c,0,X,\,x,8,2,\,x,1,6,+
\,x,b,a,\,n,t,W,\,x,c,0
\,x,e,d,#,\,x,1,9,\,x,e
0,\,x,a,3,L,8,\,x,1,b,:
!,\,x,1,e,\,x,0,8,\,x,b
c,W,\,x,c,8,\,x,a,9,d,\
x,8,9,\,x,e,0,#,\,x,c,c
<,\,x,0,e,v,H,\,x,d,e,\
x,0,8,\,x,b,4,r,\,x,8,9
\,x,b,3,c,O,\,x,e,1,k,\
x,c,5,z,\,x,8,0,\,x,b,a
I,\,x,1,e,\,x,0,4,|,r,\
x,a,2,\,x,1,3,!,\,x,9,3
\,x,e,7,0,\,x,0,7,.,\,x
0,1,\,x,b,a,/,@,*,\,x,f
c,\,x,8,2,Q,\,x,d,c,\,x
d,4,\,x,9,4,\,x,0,3,d,\
x,8,3,\,x,a,5,\,x,9,f,\
x,e,5,\,x,1,5,\,x,e,0,\
x,1,e,\,x,8,c,a,R,L,\,x
d,4,\,x,9,c,@,\,x,d,c,F
W,\,x,1,e,-,?, ,2,(,\,x
e,e,z,P,\,x,9,4,\,x,a,4
C,F,\,x,d,2,\,x,a,3,\,x
1,e,\,x,d,d,J,\,x,c,0,Z
d,\,x,f,3,:,X,\,x,1,4,\
x,b,6,@,\,x,d,e,\,x,d,2
\,x,a,3,\,x,a,5,\,x,c,1
K,\,x,c,0,-,h,\,x,b,5,z
\,x,0,4,\,x,9,4,V,B,\,x
f,4,C,\,x,e,5,\,x,9,c,\
x,c,1,L, ,\,r,\,x,c,0,\
x,8,2,2, ,\,x,d,4,\,x,c
4,\,x,0,2,\,x,d,4,\,x,8
8,!,\,x,0,b,i,L,\,x,8,0
6,\,x,0,1,\,x,0,1,P,\,x
c,2,S,\,x,e,0,\,x,0,8,{
\,x,c,5,\,x,b,1,\,x,0,b
i,\,x,0,e,\,x,c,0,4,\,x
0,0,p,\,x,8,0,\,x,e,5,\
x,e,3,k,\,x,e,2,\,x,a,b
\,x,d,0,\,x,1,1,\,x,0,b
a,L,\,x,c,0,\,x,0,0,<,\
x,9,c,\,x,e,0,\,x,0,b,b
O,\,x,e,1,\,x,e,8,\,x,0
3,\,x,a,1,\,x,1,8,6,3,~
\,x,0,6,<,r,\,x,e,1,\,x
e,c,\,x,d,4,\,x,d,0,\,x
0,2,\,x,d,0,\,x,0,7,\,x
0,8,\,x,1,a,\,x,d,e,M,~
\,x,0,0,u,6,x,\,x,b,6,\
x,1,2,\,x,f,c,\,x,0,0,\
x,0,3,\,x,c,5,~,\,x,1,a
\,x,d,2,\,x,0,1,\,x,f,e
\,x,1,e,\,x,8,1,\,x,0,1
\,x,1,1,\,x,8,3,c,7,0,1
\,x,b,6,0,~,\,x,0,6,t,W
\,x,a,9,\,x,b,f,\,x,a,1
\,x,d,9,\,x,e,0,G,G,*,\
x,1,4,\,x,f,a,7,>,\,x,1
6,\,x,f,4,r,\,x,a,1,O,\
x,a,4,G,\,x,e,0,c,E,~,\
x,8,1,\,x,b,6,B,\,x,b,e
\,x,1,0,\,x,b,d,7,8,\,x
b,6,\,x,1,4,4,\,x,0,8,\
x,1,8,\,t,\,x,c,e,\,x,8
0,\,x,b,e,\,x,0,1,\,x,f
e,\,x,0,6,4,\,x,c,3,\,x
e,0,\,x,e,5,\,x,a,3,\,x
1,7,\,x,e,1,o,\,x,c,9,\
x,c,a,\,x,8,0,\,x,b,2,$
\,x,f,e,\,x,1,e,\,x,8,0
\,x,c,0,\,x,8,0,\,x,e,5
\,x,a,1,\,x,d,f,\,x,e,1
o,\,x,c,9,\,x,c,a,\,x,9
6,),L,\,x,8,0,s,\,x,0,0
W,\,x,e,0,\,x,1,b,d,G,\
x,e,0,g,S,g,\,x,8,b,a,D
~,\,x,1,0,\,x,f,c,\,x,9
c,\,x,a,1,\,x,a,d,#,?,\
x,e,0,\,x,0,7,G,.,\,x,8
e,^,N,>,\,x,0,0,4,\,x,9
c,\,x,a,9,b,\,x,1,4,\,x
e,4,\,x,0,1,\,x,e,8,\,x
8,7,\,x,0,8,\,x,1,a,\,x
d,e,$,\,x,b,e,\,x,0,6,=
7,x,\,x,c,2,\,x,9,1,t,\
x,0,7,0,\,x,0,5,~,\,x,1
a,\,x,d,e,3,\,x,f,e,-,@
\,x,8,2,\,x,1,1,\,x,8,3
\,x,a,3,k,\,x,e,1,o,\,x
c,5,~,\,x,1,6,),/,@,\,x
1,e,\,x,c,9,:,\,x,8,0,\
x,e,5,!,\,x,f,3,\,x,e,2
\,x,a,f,C,\,x,a,1,\,x,0
b,i,8,>,\,x,0,0,|,\,K,\
x,e,2,\,x,d,0,\,x,0,3,\
x,a,1,\,x,0,b,a,&,~,\,x
0,0,t,W,\,x,e,9,b,T,\,x
c,8,\,x,0,7,0,\,x,0,c,>
\,x,8,1,\,x,b,6,\,x,1,5
>,*,\,x,b,c,:,\,x,1,2,\
x,1,a,T,\,x,e,c,\,x,0,8
\,x,1,c,\,t,\,x,c,e,\,x
8,1,\,x,b,6,I,>,\,x,1,e
\,x,c,0,\,x,a,3,7,\,x,e
0,c,G,*,\,x,9,6,%,?,\,x
8,0,\,5,#,k,\,x,e,8,\,x
7,f,\,x,c,5,\,x,b,1,\,x
0,c,%,",",@,\,x,0,0,<,W,\
x,e,8,\,x,1,b,\,x,e,2,W
\,x,e,1,\,x,e,8,\,x,8,8
!,\,x,9,8,6,\,x,1,5,\,x
b,e,\,x,0,6,t,\,x,9,c,\
x,e,9,b,\,x,9,4,\,x,f,0
\,x,0,2,\,x,d,4,\,x,8,7
\,x,0,8,\,x,8,e,Z,A,~,-
\,x,0,0,\,x,8,2,\,x,1,0
\,x,c,2,T,\,x,f,4,\,x,0
8,\,x,1,c,\,x,0,5,~,\,x
9,e,\,x,c,d,N,@,\,x,1,e
\,x,c,8,\,x,8,2,Q,n,\,x
9,4,\,',\,x,e,0,g,K,\,x
1,7,\,x,a,7,\,x,c,1,\,x
0,1, ,-,\,x,0,4,e,:,~,\
x,9,5,\,x,0,2,\,x,0,3,A
T,\,x,1,7,\,x,a,8,E,P,\
x,e,4,\,x,a,2,\,x,0,0,{
\,x,e,2,\,x,8,b, ,\,x,c
5,\,x,a,0,\,x,a,5,\,x,1
2,\,x,c,c,(,\,x,d,e,Q,\
x,d,e,\,n,\,\,\,x,1,e,\
x,c,8,Q,e,!,\,x,a,0,\,x
a,7,\,x,8,0,\,x,1,a,\,x
1,5,\,x,f,a,0,\,x,9,e,\
n,t,\,x,9,c,\,x,c,1,\,x
b,f,$,1,\,x,e,0,\,x,8,b
\,x,c,c,8,\,x,8,e,\,x,b
2,4,\,x,f,e,\,x,1,0,\,x
b,c,\,x,9,c,\,x,a,0,\,x
0,b,$,E,\,x,e,0,\,x,8,b
\,x,c,c,<,\,x,9,6,\,x,1
a,\,x,0,7,>,\,x,1,6,\,x
b,c,\,x,9,c,\,x,a,1,a,\
x,a,1,#,\,x,e,0,c,E,~,\
x,9,6,-,\,x,1,8,@,\,x,1
6,\,x,f,c,\,x,c,3,\,x,e
0,\,x,b,1,e,$,\,x,0,1,\
x,e,c,\,x,1,0,\,x,1,1,\
x,9,f,\,x,0,5,R,\,x,8,0
6,@,[,X,\,x,b,a,U,.,\,x
0,1,\,x,e,c,F,\,x,1,1,\
x,0,7,\,x,a,d,.,\,x,8,4
/,\,x,0,5,L,p,\,x,c,c,\
x,1,5,4,\,x,0,3,B,\,x,0
e,\,x,e,5,#,\,r,=,`,4,d
\,x,f,3,Z,X,\,x,9,2,\,x
e,6,B,\,x,f,2,\,x,c,e,3
\,x,9,e,\,x,d,d,S,\,x,8
0,-,\,x,1,9,O,\,x,1,2,\
x,a,0,\,x,d,0,\,x,9,0,A
\,x,e,e,\,x,c,f,\,x,8,1
\,x,a,0,e,T,`,6,h,\,x,8
8,\,x,1,a,\,x,0,4,U,J,B
\,x,f,4,K,U,\,x,a,a,m,","
\,x,a,0,\,r,\,x,8,9,\,x
0,1,2,\,x,a,8,\,x,d,4,\
x,c,2,\,x,0,0,\,x,d,c,\
x,0,5,\,x,b,5,\,x,8,c,!
L,\,x,8,0,\,x,1,e,\,x,c
9,\,x,0,1,\,x,1,9,\,x,d
c,U,T,\,x,0,7,4,\,x,1,3
g,\,x,9,8,2,U,\,x,8,0,\
x,1,e,\,x,c,8,:,P,\,x,b
6,Q,\,x,d,f,\,x,e,0,g,G
*,\,x,9,e,\,x,c,d,L,\,x
8,0,s,\,x,0,0,W,\,x,e,9
\,x,a,d,`,?,\,x,e,1,\,x
0,b,\,x,d,0,\,x,b,7,\,x
9,8,2,\,x,1,d,~,\,x,0,0
t,r,\,x,a,8,\,x,1,b,\,x
a,3,G,\,x,e,7,0,\,x,1,3
w,\,x,9,8,2, ,~,\,x,1,0
\,x,b,c,\,x,9,c,\,x,a,8
\,x,b,1,c,G,\,x,e,0,g,\
x,c,c,>,\,x,8,e,2,2,~,\
x,1,0,\,x,e,5, ,\,x,1,f
\,x,e,0,\,x,0,3,G,*,\,x
8,0,\,x,b,6,\,x,1,5,\,x
b,e,s,\,x,0,0,\,x,9,c,\
x,e,8,\,x,e,3,\,x,e,1,G
\,x,e,0,C,\,x,c,7,",",\,x
1,4,\,x,f,2,\,x,0,3,\,x
f,e,\,x,1,0,\,x,f,4,\,x
c,3,\,x,a,1,a,`,O,\,x,e
1,\,x,0,f,\,x,c,c,>,\,x
0,1,\,x,b,6,\,x,1,3,\,x
f,e,\,x,a,a,\,x,1,3,\,x
a,0,s,\,x,e,0,\,x,0,7,\
x,c,7,.,\,x,8,e,Z,4,\,x
f,e,\,x,1,6,\,x,f,4,W,\
x,a,8,\,x,b,1,\,x,e,4,[
\,x,e,0,c,\,x,c,7,*,\,x
9,4,\,x,f,6,D,\,x,c,3,\
x,e,0,\,x,e,5,\,x,e,0,+
\,x,e,1,\,x,0,f,\,x,c,9
\,x,c,a,\,x,1,4,\,x,f,e
\,x,1,4,\,x,b,e,\,x,8,7
\,x,f,c,p,\,x,8,0,\,x,e
3,\,x,a,0,\,x,7,f,\,x,e
1,\,x,0,f,L,:,\,x,8,1,\
x,b,6,;,\,x,c,0,\,x,0,6
<,r,\,x,a,9,\,x,a,d,%,_
\,x,e,1,\,x,0,f,\,x,d,0
\,x,b,7,\,x,1,8,6,V,>,\
x,1,0,\,x,f,c,r,\,x,a,1
a,\,x,a,0,+,\,e,Z,!,\,x
f,e,\,x,1,0,\,x,f,c,\,x
9,c,\,x,a,0,\,x,1,b,"""",?
8,1,\,x,b,a,\,x,0,7,>,\
x,0,0,5,7,y,\,x,8,3,\,x
a,3,[,\,x,e,1,o,\,x,c,5
~,\,x,0,0,\,x,b,e,2,\,x
b,e,-,\,x,c,2,\,x,1,0,s
9,e,\,x,c,5,L,\,x,8,0,\
x,0,0,|,\,x,9,c,\,x,e,8
\,x,0,b,\,x,a,5,#,\,x,e
1,\,x,0,f,\,x,c,b,\,x,1
7,\,x,8,b,a,0,~,\,x,0,0
4,r,\,x,a,2,\,x,b,3,`,k
\,x,e,1,\,x,e,8,\,x,0,c
\,x,0,8,\,x,0,e,V,"""",~,\
x,0,0,4,\,x,c,3,\,x,a,8
\,x,1,b,\,x,e,5,h,\,x,0
9,a,\,x,d,6,!,\,x,b,e,\
x,1,0,\,x,f,d,\,x,0,b,x
\,x,b,6,\,x,1,2,W,\,x,e
0,\,x,0,7,G,*,\,x,8,b,\
x,1,a,6,\,x,f,e,\,x,8,7
\,x,f,c,[,\,x,1,1,\,x,8
3,#,c,\,x,e,1,o,\,x,c,5
~,\,x,1,6,),T,\,x,8,0,\
x,0,6,|,\,x,c,3,\,x,e,9
\,x,a,d,\,x,a,4,;,\,x,e
1,\,x,c,f,\,x,c,c,\,x,0
8,\,x,0,e,V,",",@,\,x,0,0
<,\,x,9,c,\,x,e,8,\,x,1
b,\,x,a,0,\,x,0,b,\,x,e
7,0,\,x,1,3,w,\,x,9,8,2
V,\,x,f,e,\,x,0,6,t,r,\
x,e,1,b,S,\,x,f,8,\,x,0
2,\,x,d,4,\,x,8,c,\,x,1
8,\,x,0,e,^,\,x,1,5,>,*
\,x,b,c,[,\,x,1,0,\,x,c
2,\,x,9,1,\,x,a,c,\,x,0
7,0,\,x,0,5,z,\,x,8,1,\
x,b,2,\,x,1,4,\,x,f,e,-
\,x,0,8,\,x,8,2,\,x,1,9
\,x,d,c,U,r,\,x,0,2,\,x
d,4,O,\,x,0,3,\,x,a,b,\
x,a,5,W,\,x,8,0,2,\,x,1
1,_,2,\,x,c,0,\,x,9,4,\
x,c,6,K,\,x,0,8,\,t,\,x
c,c,\,x,9,0,\,x,f,6,\,x
0,7,z,\,x,0,2,\,x,1,8,\
x,a,5,\,x,a,1,\,x,a,e,\
x,a,5,\,x,8,9,\,x,e,1,\
n,\,x,c,4,|,\,x,1,9,>,X
\,x,d,e,\,x,0,4,\,x,1,c
\,x,0,5,\,x,c,a,\,x,c,9
\,x,e,1,\,x,e,7,\,x,a,0
g,\,x,8,5,x,\,x,8,a,\,x
9,e,!,\,x,9,e,\,x,0,2,|
r,\,x,8,9,\,x,c,1,\,x,a
4,E,\,x,e,0,\,x,8,b,E,x
\,x,9,8,\,x,f,2,\,x,0,2
\,x,d,e,\,x,0,8,\,x,f,4
\,x,c,3,\,x,c,8,\,x,e,b
\,x,e,0,=,\,x,e,0,\,',\
x,c,7,(,",",\,x,b,6, ,\,x
b,e,\,x,1,0,\,x,f,4,r,\
x,c,8,\,x,e,b,\,x,e,2,Y
\,x,e,0,\,x,8,f,\,x,1,6
&,>,\,x,e,0,\,x,b,1,b,\
x,f,c,\,x,0,2,\,x,d,0,\
x,9,0,\,x,1,5,!,\,x,a,d
\,x,1,7,@,-,H,[,0,\,x,8
4,T,\,x,9,e,\,x,0,2,\,x
d,0,\,x,c,6,\,x,d,1,",",\
x,c,9,",",\,x,c,4,/,D,\,x
e,e,\,x,1,2,\,x,c,e,\,x
1,5,\,x,a,2,\,x,0,3,"""",\
x,1,6,\,x,9,7,%,\,x,0,5
Z,\,x,8,4,Z,%,*,p,\,x,1
2,U,\,x,a,e,A,\,x,e,9,\
x,1,2,\,x,a,7,\,n,\,x,e
9,[,\,x,0,0,2,d,\,x,f,8
q,\,x,d,0,\,x,d,5,\,x,b
6,\,x,0,2,\,x,f,6,\,x,8
9,\,x,b,3,\,x,a,d,\,x,c
9,[,\,x,c,0,Z,\,x,0,4,m
Y,\,x,f,a,\,x,d,3,\,x,f
8,C,@,K,Q,.,\,r,\,\,@,6
@,\,x,8,2,\,x,1,a,\,x,1
a,\,x,1,4,\,x,0,0,\,x,0
2,\,x,d,4,\,x,8,5,\,x,b
1,\,x,9,8,:,$,\,x,b,e,*
\,x,f,c,\,x,8,2,\,x,1,1
n,\,x,1,4,P,\,x,0,7,4,\
x,8,7,.,\,x,9,6,%,C,@,\
x,1,e,\,x,c,9,\,x,0,1,\
x,1,8,\,x,c,2,T,G,\,x,e
0,\,x,0,7,E,~,\,x,9,6,-
\,x,1,7,@,s,\,x,0,8,\,x
c,3,\,x,e,9,\,x,a,d,c,+
\,x,e,0,\,x,0,3,\,x,d,3
w,\,x,0,b,m,\,x,1,7,\,x
c,0,\,x,0,0,|,r,\,x,e,1
\,x,a,d,$,3,\,x,e,0,g,\
x,d,0,\,x,b,7,\,x,9,8,2
\,x,0,4,>,\,x,0,0,4,W,\
x,e,1,b,\,x,1,5,P,\,x,0
2,\,x,a,f,L,\,x,0,8,\,x
1,a,\,x,d,6,3,~,\,x,0,6
t,\,x,9,c,\,x,e,0,\,x,e
5,a,K,\,x,e,1,o,E,z,\,x
1,b,\,x,f,a,2,>,\,x,1,0
\,x,0,b, ,\,x,e,3,\,x,e
1,o,L,:,\,x,1,a,\,x,d,6
B,~,\,x,0,6,<,\,x,c,3,\
x,e,9,\,x,a,d,#,C,\,x,e
1,\,x,0,f,\,x,c,7,.,\,x
0,e,V,3,\,x,b,a,8,\,x,b
1,`,\,x,0,b,\,x,0,8,\,x
0,e,^,!,\,x,f,e,\,x,1,6
\,x,f,4,\,x,c,3,\,x,a,a
\,x,9,2,Q,\,x,e,b,\,x,e
7,0,\,x,0,c,>,\,x,9,a,\
x,d,a,\,\,\,x,b,e,\,x,0
0,5,7,x,\,x,c,2,\,x,1,4
\,x,9,3,\,x,e,1,o,\,x,c
5,~,\,x,1,a,\,x,d,e,\,x
1,d,\,x,a,3,3,\,x,e,0,g
I,\,x,c,e,\,x,0,e,R,\,\
\,x,c,0,s,\,x,0,0,W,\,x
e,9,\,x,a,d,d,\,x,d,7,\
x,e,1,\,x,0,f,\,x,d,3,g
\,x,8,b,a,L,\,x,c,0,\,x
0,6,<,W,\,x,e,2,\,x,1,3
\,x,e,2,g,\,x,e,2,\,x,d
4,\,x,0,8,!,.,\,x,9,6,$
\,x,f,e,\,x,0,0,9,5,\,x
d,4,\,x,0,1,\,x,e,c,\,x
0,c,\,x,0,8,\,x,0,e,^,]
\,x,b,e,\,x,0,6,},6,x,\
x,c,2,\,x,1,5,\,x,d,c,\
x,0,0,c,\,x,c,9,\,x,c,e
\,x,0,e,R,7,\,x,b,e,\,x
1,e,\,x,8,0,:,\,x,1,8,\
x,c,2,T,\,x,9,3,\,x,e,0
c,I,\,x,c,e,\,x,9,6,!,^
\,x,0,0,-,H,\,x,c,1,\,x
8,0,\,x,e,3,b,K,\,x,e,2
\,x,a,f,P,\,x,1,1,\,x,0
b,e,^,@,\,x,0,0,|,\,x,c
3,\,x,e,0,\,x,e,5,\,x,a
4,\,x,8,f,\,x,e,2,\,x,d
4,\,x,0,3,\,x,a,1,\,x,1
8,:,5,\,x,b,e,\,x,0,0,}
6,p,\,x,b,6,\,x,9,5,\,x
e,8,\,x,0,1,\,x,e,c,\,x
1,3,\,x,a,8,\,x,0,e,Z,H
\,x,f,e,*,\,x,b,d,\,x,0
1,\,x,1,0,\,x,c,2,\,x,9
5,\,x,e,c,\,x,0,8,\,x,1
8,\,x,0,5,~,\,x,8,e,R,/
\,x,c,0,\,x,1,e,\,x,c,8
:,\,x,1,a,\,x,e,9,b,\,x
c,4,\,x,0,0,\,x,0,3,\,x
c,9,\,x,c,e,\,x,9,6,),_
\,x,0,0,\,x,1,e,\,x,8,9
\,x,0,1,\,x,1,1,\,x,8,3
%,c,\,x,e,8,\,x,7,f,E,\
x,b,1,\,x,1,6,\,x,e,5,^
\,x,c,0,\,x,8,1,\,x,8,0
\,x,9,c,\,x,e,8,\,x,e,5
\,x,e,5,\,x,e,c,\,x,0,2
\,x,d,0,\,x,8,5,\,x,b,5
\,x,0,c,-,$,~,\,x,0,0,u
7,z,|,\,x,9,2,\,x,e,8,\
x,0,3,@,\,x,1,3,\,x,a,8
\,x,0,e,V,",",@,\,x,1,e,\
x,c,1,\,x,0,1,Z,\,x,f,a
\,x,d,5,\,x,f,8,E,\,x,a
0,N,\,x,e,7,\,r,},_,\,x
e,0,4,X,\,x,f,8,Z,|,R,O
\,x,a,0,a,O,\,x,9,a,\,x
9,2,J,`,:,\,x,0,2,i,\,x
8,1,\,x,c,1,\,x,b,6,\,x
a,6,\,x,0,b,\,x,e,0,\,x
8,d,\,x,0,4,~,\,x,9,1,v
`,\,x,d,e,\,x,0,2,\,\,*
\,x,c,2,\,x,c,9,d,\,',\
x,a,1,k,I,\,x,c,a,\,x,9
4,\,x,f,e,\,x,1,5,\,x,1
e,\,x,0,8,\,x,f,4,\,x,c
3,\,x,c,1,O,\,x,a,1,\,x
d,b,\,x,e,0,\,x,0,3,\,x
c,5,~,\,x,0,b,\,x,1,a,D
\,x,b,e,\,x,0,6,4,\,x,b
1,p,\,x,b,6,\,x,1,3,\,x
0,7,\,x,e,0,g,G,*,\,x,0
b,\,x,1,a,a,\,x,0,0,\,x
8,1,\,x,c,1,7,x,\,x,b,6
R,\,x,f,c,\,x,0,7,0,\,x
1,3,g,\,x,a,1,\,x,a,1,a
 ,\,r,\,x,c,0,[,8,\,x,b
8,\,x,9,5,\,x,9,a,\,x,0
3, ,\,x,8,6,\,x,d,1,",",\
x,c,9,a,D,4,\,x,0,c,\,x
b,5,S,\,x,0,c,\,x,d,5,\
x,b,c,\,x,0,3,F,\,t,\,x
b,5,\,x,a,d,\,x,c,d,a,\
x,e,0,\,r,\,x,a,9,i,;,\
x,1,0,\,x,d,0,"""",B,\,x,d
5,\,x,1,8,\,x,9,1,\,x,0
c,5,0,\,x,c,0,4,Y,A,1,\
x,f,f,\,x,d,6,*,\,x,0,3
E,\,x,8,5,\,x,c,1,\,x,8
c,1,b,\,x,e,4,2,m,*,s,\
x,1,8,S,\,x,8,a,\,x,0,2
\,x,f,6,\,x,8,e,\,x,e,5
",",\,x,e,9,c,@,\,x,1,e,\
x,a,8,a,z,(,\,x,1,6,8,A
\,x,e,8,\,x,c,3,\,x,e,1
",",\,x,c,d,],D,-,\,x,0,4
\,x,8,2,q,\,x,f,e,T,\,x
f,6,\,x,0,3,$,\,x,0,5,\
x,b,7,\,x,b,1,\,x,e,5,d
 ,\,r,\,x,8,0,\,x,8,2,0
\,x,b,8,\,x,1,6,\,x,1,a
\,x,0,5,\,x,a,0,\,x,8,3
\,x,a,3,\,x,b,2,%,d,\,x
8,0,4,H,:,0,\,x,b,8,\,x
d,3,\,x,b,e,\,x,0,3,d,\
x,9,0,\,x,1,5,\,x,1,6,\
x,e,1,d,\,x,c,0,\,r,\,x
8,8,[,r,\,x,e,0,\,x,1,1
\,x,b,a,\,x,0,3,d,\,x,0
8,#,\,x,0,b,\,x,8,9,e, 
-,\,x,0,4,\,x,8,2,{,\,x
1,e,\,x,d,4,N,\,x,0,5,\
x,a,0,\,x,8,8,\,',\,x,a
a,a,\,x,1,b,\,x,8,4,2,H
:,r,\,x,e,0,\,x,1,2,z,\
x,0,5,\,x,a,4,\,x,8,3,\
x,a,7,\,x,8,7,\,x,a,d,.
\,x,a,0,/,\,x,0,8,:,8,\
x,b,8,\,x,d,2,\,x,e,2,\
x,0,0,\,x,d,c,\,x,8,8,#
2,-,e,@,6,\,x,0,0,:,Z,\
x,a,4,\,x,9,6,X,B,\,x,d
0,C,\,x,a,7,\,x,8,b,\,x
e,1,e,\,x,e,0,4,\,x,0,4
\,x,b,5,\,x,1,b,0,U,\,x
d,4,B,\,x,d,4,\,x,c,8,\
',\,x,b,3,-,f,\,x,8,4,6
L,a,R,\,x,a,6,T,\,x,e,c
B,\,x,d,4,F,\,x,d,1,\,x
b,3,m,\,x,1,5,\,x,c,4,6
\,x,0,4,a,Q,\,x,f,a,\,x
1,2,\,x,e,0,C,d,F,\,x,d
5,\,x,b,3,i,g,\,x,0,4,-
\,x,0,4,[,{,:,\,x,1,6,x
B,\,x,f,0,\,x,c,b,W,"""",\
x,8,9,",",\,x,c,4,4,L,>,9
x,\,x,d,4,f,E,\,x,a,4,C
\,x,e,3,\,x,9,f,\,x,c,5
g,\,x,e,4,Z,D,>,z,\,x,0
4,\,x,9,4,\,x,c,2,B,\,x
f,4,K,S,\,x,8,c,E,a,d,\
x,1,e,\,x,a,0,i,\,x,1,0
\,x,d,4,\,x,d,4,R,C, ,F
W,4,\,x,0,5,F,\,x,8,0,Z
\,x,0,c,\,x,b,5,r,(,V,2
E,\,x,a,4,\,x,c,e,\,x,e
1,4,!,h,\,x,a,4,Z,\,x,0
4,>,8,\,x,c,4,\,x,9,4,","
\,x,0,3,$,\,x,c,6,\,x,d
7, ,I,h,\,x,c,0,2,M,i,\
x,1,0,\,x,c,c,V,\,x,9,0
\,x,0,2,\,x,d,2,\,x,8,8
\,x,8,1, ,E,d,\,x,e,4,\
x,1,e,\,x,e,0,\,x,9,b,\
x,1,a,\,x,c,e,\,x,d,3,\
x,f,0,\,x,0,2,\,x,d,6,\
t,\,x,b,5,#,\,x,0,1,i,@
/,(,\,x,9,b,3,L,V,\,x,9
c,\,x,0,3,b,\,x,9,a,\,x
8,3,5,-,J,`,\,r,\,x,a,8
\,x,e,e,:,\,x,d,c,\,x,d
6,\,x,a,a,\,x,0,3,"""",\,x
9,6,\,x,9,7,\,x,8,2,\,x
8,d,j,\,x,a,0,\,r,\,x,a
9,\,x,a,8,1,>,\,x,9,0,""""
\,x,0,3,&,\,x,1,6,\,x,9
7,3,\,x,c,d,\,x,0,f,\,x
a,0,\,r,\,x,e,8,\,x,9,b
8,(,\,x,1,3,\,x,d,6,\,x
0,5,\,x,a,2,\,x,8,9,\,x
b,3,\,x,b,5,i,k, ,2, ,\
x,9,b,q,>,\,x,d,6,\,x,a
a,\,x,0,2,\,x,f,6,\,x,9
a,\,x,8,3,\,x,b,3,\,x,c
9,k,`,2,a,i,s,\,\,\,x,9
6,\,x,b,e,\,x,0,0,\,x,d
a,\,x,8,9,\,x,b,3,\,x,9
3,\,x,e,5,l,\,x,0,4,Z,(
\,x,9,b,q,>,P,"""",\,x,0,3
&,\,x,8,e,1,\,x,9,d,\,r
\,x,0,4,D,\,x,1,e,\,x,a
5,\,x,a,8,z,P,T,.,@,\,x
d,e,\,x,d,b,\,x,1,7,\,x
a,6,],l,\,x,8,4,6,8,!,P
\,x,a,f,\,x,1,0,\,x,d,0
A,\,x,e,f,\,x,1,4,\,x,f
3,\,x,b,6,m,",",\,x,a,4,Z
I,:,\,x,c,3,i,\,x,e,3,Q
\,x,e,0,g,\,x,9,0,\,x,b
3,\,x,a,7,),D,\,x,c,4,4
D,a,\,x,1,8,\,x,0,8,U,\
x,e,4,B,\,x,f,4,I,\,x,b
1,#,\,t,m,`,\,r,\,x,a,8
\,x,9,b,Y,t,\,x,9,3,\,x
8,8,\,x,0,2,\,x,f,2,\,x
9,6,\,x,9,7,\,x,0,2,\,x
8,5,b,\,x,e,0,/,h,\,x,9
b,[,V,\,x,d,6,\,x,d,a,\
x,0,3,&,\,x,9,6,\,x,9,7
\,x,9,3,\,x,e,d,m,\,x,e
0,/,(,\,x,9,b,p,(,\,x,1
6,\,x,e,2,\,x,0,3,"""",\,x
1,6,\,x,9,7,\,x,0,2,\,x
8,9,n,D,-,",",\,x,f,3,Z,J
\,x,d,6,\,x,e,8,C,F,O,5
\,x,a,5,\,x,8,9,k,d,\,x
1,e,\,x,d,1,\,x,1,b,\,x
1,0,\,x,a,e,\,x,d,6,\,x
e,c,\,x,0,1,\,x,e,d,\,x
8,5,\,x,c,3,1,\,x,f,9,o
\,x,0,4,-,],\,x,b,d,\,x
1,a,M,\,x,d,6,\,x,e,e,E
\,x,a,5,\,x,d,8,\,x,f,1
\,x,a,c,\,x,f,d,o,\,x,a
0,4,y,\,x,b,f,3,W,\,x,d
7,\,x,0,0,C,c,B,\,x,1,5
8,=,+,\,x,e,0,2,1,\,n,;
],\,x,1,7,\,n,\,x,0,1,\
x,e,f,\,x,8,f,\,x,f,7,\
x,b,8,q,q,\,x,0,4,\,x,1
e,\,x,9,d,\,x,8,9,{,\,x
8,b,\,x,d,7,\,x,1,8,\,x
0,2,\,x,d,1,\,x,9,4,\,x
1,1,\,x,0,b,},q,\,x,c,0
\,x,1,e,\,x,d,8,\,x,e,3
z,:,\,x,d,3,\,x,d,c,C,F
\,x,c,e,5,\,x,8,1,!,r,$
\,r,\,x,a,c,\,x,f,8,9,D
\,x,1,4,\,x,8,0,C,B,\,x
c,e,3,\,x,0,3,\,x,c,1,r
D,-,-,*,Q,\,x,e,8,V,\,x
e,6,@,\,x,d,e,N,5,\,x,b
9,I,r,\,x,c,4,\,x,1,e,\
x,a,c,\,x,f,3,S,\,n,\,x
1,0,\,x,f,a,C,b,R,\,x,a
1,\,x,b,8,),r,\,x,c,4,-
l,\,x,e,3,\,x,1,a,J,\,x
d,7,0,B,\,x,d,6,O,\,x,8
1,\,x,b,8,!,s,D,4,",",\,x
f,3,S,\,x,8,2,\,x,d,9,2
\,x,a,1,$,\,x,a,5,F,\,x
8,4,-,$,\,x,f,8,\,x,1,0
\,x,b,4,\,x,9,7,8,B,\,x
d,6,R,\,x,a,5,\,x,1,d,\
r,Z,\,x,a,0,Z,a,\,x,a,8
9,>,\,x,1,7,<,B,\,x,d,6
I,\,x,b,7,\,x,a,0,i,i,\
x,e,0,-,$,\,x,f,8,\,x,1
a,J,\,x,d,7,0,B,\,x,d,6
O,1,\,x,0,2,\,x,8,d,n, 
-,e,*,\,x,1,b,\,x,8,2,\
x,d,1,\,x,9,c,C,&,\,x,8
9,\,x,b,7,\,x,0,b,A,>,\
x,8,4,4,d,\,x,e,3,\,x,1
8,\,x,b,4,W,B,\,x,0,5,\
x,a,2,\,x,9,6,\,x,9,7,\
x,a,4,\,x,a,1,m,\,x,c,4
-,d,\,x,9,b,x,(,\,x,1,7
F,\,x,0,2,\,x,d,2,O,1,\
x,8,b,E,t,\,x,8,4,\,r,\
x,e,8,\,x,9,b,:,P,\,x,1
0,D,B,\,x,d,6,O,\,x,8,1
\,x,8,b,I,t,\,x,e,0,Z,h
\,x,f,8,\,x,1,3,\,x,8,2
\,x,9,5,\,x,a,0,A,\,x,e
e,N,\,x,e,7,\,x,1,3,\,x
e,9,u, ,\,x,1,e,\,x,a,d
*,\,x,1,b,\,x,8,2,\,x,9
7,V,\,x,0,3,"""",\,x,1,a,\
x,8,7,:,\,x,c,d,b,\,x,c
4,4,%,*,\,x,1,a,\,x,0,6
\,x,1,2,\,x,e,e,\,x,0,3
&,\,x,0,f,\,x,8,1,\,x,0
b,A,u,\,x,c,4,Z,i,i,;,V
\,x,1,7,b,\,x,0,5,\,x,a
0,a,v,`,/,h,\,x,9,b,3,V
W,V,\,x,0,2,\,x,d,2,V,\
x,9,7,\,x,b,3,\,x,c,5,v
\,x,a,0,\,r,\,x,a,8,\,x
9,b,9,>,\,x,d,7,n,\,x,0
5,\,x,a,2,\,x,8,e,\,x,e
3,4,\,x,c,d,w, ,Z,a,\,x
a,8,{,<,V,\,x,e,6,\,x,0
3,f,\,x,9,6,\,x,9,5,\,x
a,3,\,x,0,5,w,`,Z,a,i,{
<,\,x,1,7,x,\,x,0,3,B,\
x,8,9,\,x,b,3,5,m,(, ,\
r,\,x,a,9,i,R,\,x,c,e,\
x,9,6,\,x,e,0,\,x,0,2,\
x,f,6,\,t,\,x,b,3,\,x,b
5,\,x,c,1,w,\,x,c,0,6,a
\,x,a,8,R,\,x,c,e,\,x,d
7,\,x,8,2,\,x,0,2,\,x,f
6,\,t,\,x,b,3,4,\,x,c,1
x,@,-,i,i,[,<,\,x,1,7,\
x,8,2,\,x,0,3,b,\,x,8,9
\,x,b,1,\,x,b,c,I,w,\,x
0,0,6,),\,x,a,8,2,\,x,d
c,\,x,d,5,4,\,x,0,1,\,x
e,a,\,x,8,9,\,x,b,1,\,x
1,e,-,[,@,6,a,\,x,a,8,S
\,x,c,6,\,x,1,0,D,\,x,0
3,$,\,x,c,e,\,x,e,1,\,x
a,c,\,x,e,9,\,x,0,2,\,x
0,0,4, ,\,x,e,e,\,x,1,b
\,x,c,4,\,x,1,7,\,x,9,2
\,x,0,3,&,\,x,1,2,\,x,a
1,\,x,9,3,\,x,b,d,y,`,Z
\,x,1,5,p,\,x,1,8,\,x,d
5,\,x,d,7,\,x,9,8,\,x,0
2,\,x,d,6,\,x,c,3,\,x,e
7,\,x,b,c,\,x,f,2,4,\,x
1,e,\,x,1,6,\,x,b,0,*,\
x,e,b,\,x,d,1,\,x,e,7,\
x,a,5,\,x,e,0,\,x,0,5,@
\,x,d,8,\,x,b,d,^,\,x,0
1,\,x,c,3,\,x,a,1,\,x,e
c,\,x,1,2,\,x,f,e,\,x,0
2,\,x,f,4,\,x,8,5,\,x,b
7,\,x,b,3,\,x,a,d,N,D,\
x,1,e,\,x,8,c,m,\,x,1,8
z,S,\,x,f,c,B,\,x,d,0,\
x,c,6,\,x,d,1,\,x,9,6,\
x,c,9,j,\,x,c,4,-,L,m,\
x,1,9,\,x,c,c,\,x,9,2,\
x,8,a,\,x,0,2,\,x,d,0,\
x,c,3,\,x,e,5,\,x,1,f,\
x,a,1,p,\,x,c,4,Z,I,\,x
0,1,x,\,x,b,e,\,x,9,5,\
x,0,c,C,`,F,\,x,d,5,*,i
/,\,x,c,4,-,L,a,[,\,x,d
6,\,x,d,5,\,x,0,e,B,\,x
f,4,\,x,c,b,S,\,',\,x,a
9,{,$,\,x,1,e,\,x,e,9,\
x,a,8,Q,t,\,x,9,7,\,x,b
4,\,x,0,0,\,x,d,a,\,t,\
x,b,3,:,\,x,c,1,w,\,x,8
4,\,r,\,x,a,4,\,x,f,3,3
\,x,1,8,\,x,9,7,\,x,b,a
C,"""",\,x,c,5,\,x,c,5,*,\
x,9,5,{,\,x,e,0,/,Y,\,x
f,0,s,\,x,1,f,\,x,9,7,\
x,c,6,\,x,0,2,\,x,d,1,O
\,x,f,1,\,x,9,7,\,x,d,1
|,\,x,a,0,4,\,x,1,9,\,x
9,1,\,x,1,8,\,x,a,e,\,x
9,6,\,x,e,a,@,\,x,d,e,\
x,c,f,\,x,8,3,>,a,}, ,/
!,i,Z,\,x,c,e,\,x,9,7,\
x,8,0,\,x,0,5,\,x,a,0,\
x,c,3,\,x,e,7,>,\,x,a,5
},\,x,8,4,\,r,\,x,8,4,m
[,0,\,x,9,4,\,x,e,4,C,$
\,x,1,0,\,x,1,7,\,x,8,b
\,x,e,5,\,',D,\,x,1,e,\
x,8,c,\,x,8,2,z,\,x,a,c
\,x,9,4,\,x,c,6,\,x,0,0
\,x,d,8,\,x,8,3,\,x,a,3
\,x,b,1,\,x,e,d,\,x,1,5
\,x,e,0,Z,@,[,p,\,x,b,8
\,x,d,5,*,\,x,0,0,\,x,d
c,\,x,8,8,\,',.,\,x,0,5
_,\,x,8,0,4,@,:,R,\,x,a
8,\,x,9,1,\,x,8,6,\,x,0
2,\,x,f,0,\,x,0,3,\,x,a
3,\,x,1,f,\,t,M,\,x,0,0
4,\,x,0,0,:,\,x,1,9,\,x
d,c,\,x,d,6,L,\,x,0,3,d
\,x,0,8,%,\,x,1,d,\,x,c
5,O,\,x,0,0,6,\,x,0,8,\
x,8,2,Y,n,\,x,d,2,x,\,x
0,2,\,x,d,0,\,x,0,3,\,x
a,1,\,x,0,b,i,G,\,x,0,0
6,\,x,0,0,:,Q,\,x,8,3,!
\,x,f,7,\,x,e,0,c,L,:,\
x,8,1,\,x,b,a,\,x,1,d,~
\,x,1,0,\,x,f,c,W,\,x,a
8,\,x,b,1,\,x,a,1,\,x,1
7,\,x,e,1,\,x,e,c,\,x,0
8,!,\,x,1,8,>,7,>,\,x,1
6,\,x,f,4,\,x,9,c,\,x,a
8,\,x,1,b,!,\,x,9,3,\,x
e,2,\,x,d,0,\,x,8,c,\,x
0,8,\,x,1,a,\,x,d,a,\,x
0,e,>,\,x,1,0,\,x,f,4,\
x,c,3,\,x,a,0,\,x,1,b,\
x,e,4,\,x,d,7,\,x,e,1,\
x,0,b,I,\,x,c,a,\,x,1,4
\,x,f,6,\,x,1,d,>,\,x,0
6,<,\,x,c,3,\,x,e,0,\,x
e,3,"""",\,x,1,b,\,x,e,0,\
x,8,b,\,x,c,9,\,x,c,c,\
x,9,6,\,x,1,6,"""",~,\,x,1
6,\,x,f,c,r,\,x,a,0,\,x
e,7,\,x,a,3,q,\,x,e,0,\
x,8,b,I,\,x,c,c,\,x,9,6
\,x,1,2,4,\,x,b,e,\,x,1
0,\,x,b,4,r,\,x,c,0,\,x
e,b,\,x,a,2,Y,\,x,e,0,G
\,x,c,7,",",\,x,8,0,\,x,b
6,\,x,1,e,\,x,1,e,\,n,<
r,\,x,8,9,\,x,b,3,\,x,e
3,\,x,a,f,\,x,e,0,\,x,8
f,\,x,c,7,",",\,x,8,e,\,x
b,6,},\,x,d,e,\,x,0,2,|
\,x,c,3,\,x,c,1,\,x,c,1
\,x,a,2,\,x,0,b,\,x,e,0
\,x,8,f,L,8,\,x,8,c,\,x
9,2,U,\,x,d,e,\,x,0,2,|
r,\,x,c,0,\,x,e,b,\,x,e
1,=,\,x,e,0,\,x,a,3,I,\
x,c,8,\,x,8,c,\,x,9,6,3
r,\,x,8,9,\,x,a,f,\,x,e
2,\,x,9,f,\,x,a,0,g,\,x
8,7,(,\,x,1,8,\,x,f,6,""""
^,\,n,t,\,x,9,c,\,x,8,0
\,x,0,1,\,x,e,3,\,x,a,d
\,x,e,0,\,x,0,7,\,x,8,c
8,\,n,\,x,9,a,\,x,1,d,\
x,b,a,\,x,0,0,8,\,r,\,x
a,9,\,t,\,x,e,0,},\,x,e
0,#,\,x,c,9,\,x,c,8,\,x
0,0,\,x,1,a,\,x,1,1,z,\
x,0,6,p,\,x,0,1,\,x,e,8
\,x,c,9,!,\,x,e,5,\,x,e
0,\,x,a,3,A,^,\,x,9,0,\
x,9,6,D,z,\,x,0,0,p,W,\
x,8,0,\,x,0,1,\,x,a,3,K
\,x,a,1,\,x,0,b,\,x,8,1
Z,\,x,1,5,\,x,f,e,:,\,x
d,e,\,n,t,W,\,x,8,9,\,x
a,b,\,x,e,3,w,\,x,a,1,o
\,x,8,0,\,x,9,e,\,x,9,8
\,x,f,2,~,:,\,x,0,6,8,\
r,\,x,a,9,\,x,1,b,\,x,a
0,\,x,8,b,\,x,a,0,g,\,x
8,5,x,\,x,1,0,\,x,9,e,\
x,1,4,\,x,b,a,\,x,0,4,x
!,[,\,x,a,e,\,x,9,1,\,x
b,6,%,Z,\,x,0,4,8,\,x,1
5,\,x,a,9,\,t,#,7,\,x,a
1,\,x,0,f,\,x,0,0,\,x,9
a,\,x,0,e,\,x,f,e,~,\,x
1,a,\,x,1,6,\,x,b,8,\,r
\,x,a,9,\,x,b,5,%,m,\,x
a,0,\,x,8,f,\,x,8,0,\,x
9,c,\,x,8,0,V,1,\,x,b,a
\,x,0,6,0,\,r,\,x,a,9,\
x,b,d,a,K,\,x,e,3,D,\,x
8,f,\,x,0,5,\,x,b,f,),~
\,x,a,0,\,x,1,e,\,x,a,8
\,x,c,1,\,x,e,a,\,x,0,f
%,\,x,1,d,\,x,a,1,n,\,x
9,6,\,x,a,a,\,x,b,f,f,&
<,\,n,@,l,\,x,e,0,\,x,0
e,\,',\,x,f,3,\,x,a,0,B
\,x,c,a,\,\,\,x,8,b,\,x
0,6,\,x,7,f,Z,\,x,0,0,\
x,1,0,*,\,x,8,8,\,x,9,b
d,\,x,8,7,\,x,e,1,0,5,\
x,1,a,\,r,^,\,x,0,6,T,\
x,0,5,\,x,e,0,\,x,9,f,\
x,e,7,\,x,f,b,\,x,e,1,m
A,\,x,e,a,\,x,0,3,\,x,f
e,2,\,x,1,a,\,x,0,2,0,\
x,0,5,\,x,e,0,-, ,\,x,c
7,\,x,e,1,m,\,x,c,0,^,\
x,0,6,\,x,9,a,\,x,0,8,\
x,9,a,\,x,0,2,x,*,\,x,e
8,i,"""",\,x,b,5,\,x,a,0,\
x,a,3,\,x,8,1,\,\,\,x,0
0,^,"""",Z,\,x,0,2,x,\,r,\
x,c,0,%,\,x,e,4,\,x,1,f
\,x,a,0,\,x,0,7,\,t,\,x
c,8,\,x,0,c,\,x,9,6,\,x
0,1,\,x,d,e,\,x,0,8,\,x
b,c,W,\,x,e,1,b,T,\,x,f
4,\,x,0,3,@,\,x,8,5,\,x
b,5,\,x,a,a,\,x,8,d,\,\
\,x,c,4,-,\,x,0,c,>,[,\
x,e,a,\,x,9,7,\,x,f,e,@
\,x,d,8,C,\,x,e,3,\,x,c
0,\,r,\,x,8,0,@,-,h,\,x
e,e,\,x,1,b,B,\,x,9,2,\
x,e,2,C,D,\,x,c,6,\,x,1
3,\,r,\,x,c,5,\,',D,2,@
[,Z,\,x,e,9,\,x,e,3,\,x
1,7,\,x,e,1,\,x,0,b,\,x
c,c,:,\,x,9,8,\,x,9,a,!
:,\,x,1,0,\,x,b,0,\,t,\
x,a,0,%,\,x,a,3,\,x,0,5
\,x,a,1,\,x,0,b,\,x,0,0
\,x,d,c,\,x,8,6,^,\,x,8
0,\,x,b,e,\,x,0,2,0,\,t
\,x,8,1,\,x,0,b,\,x,e,2
\,x,1,5,\,x,a,0,\,x,a,3
\,x,0,2,\,x,a,e,\,x,0,5
\,x,d,e,\,x,8,0,\,x,f,e
\,x,0,6,\,\,\,t,\,x,8,0
e,(,\,x,1,3,\,x,e,0,E,\
x,c,2,\,x,a,a,\,x,0,5,\
x,d,2,\,x,7,f,~,\,x,0,0
\,x,1,4,\,x,1,e,\,x,e,0
],\,x,a,3,\,x,9,f,\,x,e
0,A,\,x,c,2,J,\,x,0,5,\
x,d,2,\,x,8,1,~,\,x,1,0
\,x,d,c,\,x,0,5,\,x,a,0
W,\,x,e,2,\,x,a,5,\,x,e
0,E,\,x,c,2,J,\,x,8,2,\
x,d,2,\,x,0,c,\,x,d,e,\
x,0,4,\,x,1,4,\,x,0,5,\
x,c,2,\,x,1,d,a,+,a,\,x
1,d,2,\,x,8,1,\,x,9,e,\
x,0,4,\,x,1,4,*,\,x,c,8
Q,\,x,e,8,\,x,1,f,\,x,e
1,\,r,B,\,x,a,c,\,x,1,1
~,\,x,8,2,\,x,1,e,\,x,1
6,\,x,9,4,$,\,x,a,8,],(
\,x,1,1,\,x,e,0,%,B,\,x
a,8,\,x,1,6,\,x,9,6,\,x
8,2,^,\,x,0,8,\,x,9,4,\
x,0,5,\,x,8,a,\,x,1,f,\
x,e,8,),\,x,e,0,%,\,x,c
0,X,\,x,8,5,\,x,1,2,\,x
1,4,\,x,1,e,\,x,0,8,\,x
d,4,*,\,x,c,4,\,x,1,7,\
x,e,1,%,\,x,e,0,\,x,8,d
B,\,x,a,a,\,x,0,5,\,x,d
2,\,x,0,c,\,x,1,e,\,x,0
8,\,x,9,4,$,\,x,c,0,K,\
x,e,1,/,\,x,e,1,m,@,\,\
\,x,9,1,~,\,x,8,3,\,x,1
e,\,x,0,2,\,x,1,c,*,\,x
c,0,?,(,7,\,x,e,0,\,x,8
d,\,x,c,1,\,x,e,c,\,x,0
4,\,x,b,6,\,x,8,3,\,x,9
e,\,x,0,4,\,x,1,c,$,\,x
a,8,],\,x,a,8,+,\,x,e,1
\,t,@,\,\,\,x,8,5,z,\,x
8,3,\,x,f,e,\,x,0,8,\,x
d,c,\,x,0,5,\,x,c,8,\,x
f,f,\,x,a,8,\,r,\,x,e,0
\,x,a,1,\,x,c,1,\,x,e,c
\,x,8,5,~,\,x,0,b,>,\,x
0,4,\,\,$,\,x,c,1,\,x,1
7,\,x,a,2,\,x,a,d,\,x,e
1,\,r,\,x,e,1,\,x,0,e,\
x,8,3,\,x,9,6,4,\,x,1,a
\,x,1,0,\,x,d,c,*,\,x,c
0,\,x,1,9,(,E,\,x,e,0,E
\,x,c,2,\,x,a,a,\,x,0,4
V,\,x,8,4,\,x,9,e,\,x,0
8,\,x,9,4,*,\,x,c,0,?,f
\,x,0,f,\,x,e,0,e,B,\,x
a,a,\,x,8,5,r,\,x,0,c,~
\,x,0,0,\,x,1,4,\,x,1,5
\,x,8,0,\,x,0,5, ,\,x,a
7,\,x,e,0,E,a,>,\,x,a,8
\,x,d,6,\,x,8,5,\,x,1,e
\,x,1,6,\,x,d,c,$,\,x,e
0,],h,Q,\,x,e,1,\,r,B,N
\,x,0,2,\,x,d,a,\,x,8,5
~,\,x,1,6,\,x,9,b,\,x,a
8,[,\,x,e,0,a,B,N,\,t,\
x,f,a,\,x,8,1,~,\,x,1,0
\,x,d,c,*,\,x,a,8,?,(,_
\,x,e,0,C,\,x,0,0,\,x,d
c,\,x,9,1,\,x,b,2,%,\,x
1,a,\,x,0,0,\,x,1,c,\,x
1,e,\,x,e,0,\,x,9,f,\,x
a,0,Y,\,x,a,0,#,\,x,8,0
\,x,d,8,\,x,0,3,\,x,9,a
\,x,0,4,\,x,d,a,\,x,0,2
x,\,x,1,5,\,x,c,1,),\,x
a,4,\,x,7,f,\,x,e,0,e,@
\,x,9,8,\,x,1,0,\,x,b,e
\,x,8,6,\,x,1,a,\,x,c,8
\,x,0,5,#,\,',\,x,a,1,\
x,0,f,\,x,8,0,\,x,1,e,\
x,1,b,Z,7,\,x,9,a,\,x,0
4,0,\,r,\,x,8,0,3,\,x,a
0,i,\,x,a,1,\,x,0,f,\,x
0,0,\,x,d,a,\,x,1,1,\,x
b,a,&,Z,\,n,x,\,t,\,x,c
8,\,x,e,f,$,3,\,x,a,0,\
x,a,3,@,\,x,d,e,\,',\,x
1,6,\,x,8,6,~,\,x,0,6,T
\,t,\,x,8,4,5,\,x,e,5,\
x,0,7,\,x,1,c,\,x,8,1,R
6,\,x,1,a,\,x,1,6,\,x,b
0,W,\,x,8,2,\,x,b,3,\,'
\,x,d,8,\,x,0,2,\,x,d,4
\,x,c,9,\,x,b,5,2,\,x,8
d,{,\,x,a,4,2,),\,x,d,0
\,x,c,8,\,x,9,f,(,m,\,x
a,0,\,x,a,6,G,l,\,x,8,6
\,x,8,e,u,\,x,b,e,\,n,a
\,x,8,1,\,x,a,3,\,x,d,4
\,x,e,8,q,\,x,e,1,n,J,.
\,x,8,e,N,\,x,8,7,~,\,x
0,0,m,",",\,x,8,4,=,\,x,a
7,\,x,f,9,\,x,e,0,\,x,8
d,\,x,c,2,L,\,x,0,f,\,x
f,2,\,x,8,7,\,x,d,e,\,x
0,2,\,\,$,\,x,c,8,Q,h,\
x,8,3,\,x,e,1,i,B,\,x,a
c,\,x,1,1,r,\,x,0,b,\,x
d,e,\,x,0,4,T,\,x,1,e,\
x,8,4,C,(,\,x,8,b,\,x,a
1,m,\,x,1,2,\,x,c,e,!,\
x,f,a,\,x,8,8,\,x,x,c,8
\,x,f,f,\,x,e,8,\,x,9,1
\,x,e,0,\,x,8,d,B,\,x,a
c,\,x,a,0,\,x,f,e,\,x,8
9,~,\,x,1,6,\,x,d,c,*,\
x,a,a,\,x,0,f,\,x,a,1,\
',\,x,e,0,\,x,a,7,\,x,0
0,\,x,1,c,\,n,z,\,x,1,d
Z,\,x,0,8,\,x,f,8,\,t,\
x,a,1,\,x,9,9,"""",\,x,0,b
\,x,e,0,g,G,.,D,\,x,d,e
\,x,1,5,\,x,1,f,\,x,1,3
\,x,f,5,\,x,0,1,\,x,1,8
\,x,8,4,\,x,9,1,\,x,a,c
B,\,x,d,0,H,\,',\,x,b,3
!,},\,x,8,4,\,r,\,x,8,c
>,z,b,\,x,d,8,\,x,a,0,\
x,0,3,$,\,x,c,b,W,\,x,1
7,\,x,8,5,^,\,x,a,4,\,r
\,x,8,4,>,\,x,1,a,\,x,a
c,Q,\,x,8,c,\,x,0,8,\,x
0,e,Z,$,\,x,9,c,\,x,c,2
\,x,e,d,\,x,e,4,\,x,1,d
\,x,a,0,\,x,a,3,\,x,8,0
\,x,1,c,E,6,S,\,x,f,8,2
\,x,1,d,\,x,a,8,\,x,a,b
\,x,e,0,\,x,0,1,B,\,x,a
a,\,x,8,1,r,\,x,1,2,\,x
d,e,\,n,T,*,\,x,8,8,W,\
x,a,5,\,x,1,d,\,x,e,0,\
x,0,5,\,x,a,1,>,\,x,9,6
\,x,9,a,\,x,1,0,:,\,x,0
8,\,x,9,4,\,x,0,5,\,x,c
0,E,\,x,a,0,\,x,d,7,\,x
a,0,\,x,0,1,\,n,z,(,:,\
x,8,a,\,x,f,a,\,x,1,6,\
x,9,0,G,\,x,a,1,Q,\,x,e
8,3,\,x,a,1,\,r,\,x,a,1
:,\,x,9,9,:,\,x,0,e,\,x
9,e,\,x,0,0,\,x,1,a,\,x
1,3,\,x,a,a,\,x,8,3,\,x
a,8,\,x,b,1,\,x,a,0,\,x
8,d,\,x,9,2,\,x,c,a,E,\
x,b,6,\,x,8,b,\,x,b,a,\
x,0,4,Z,\,x,1,3,\,x,a,1
Q,(,o,\,x,a,0,a,\,x,9,2
\,x,c,e,\,x,a,3,~,\,x,8
b,\,x,d,a,\,n,Y,",",\,x,c
0,\,x,1,f,h,\,x,c,3,\,x
a,1,\,t,\,x,a,1,<,\,x,1
3,~,\,x,1,3,\,x,9,a,\,x
0,4,\,x,1,2,\,x,1,3,\,x
8,9,\,x,0,5,\,x,e,2,\,x
a,5,\,x,a,1,\,t,\,n,z,\
x,a,3,~,\,x,8,c,Z,\,x,0
2,P,\,x,d,f,\,x,e,a,o,\
x,e,8,\,x,1,9,\,x,a,0,\
x,8,d,\,x,8,a,z,\,x,1,9
2,(,^,\,x,0,0,P,\,x,a,7
\,x,c,9,\,x,0,5,h,\,x,b
9,\,x,a,1,m,\,x,8,0,X,\
x,1,1,~,\,x,8,3,\,x,1,e
\,x,0,6,\,x,1,0,G,\,x,a
0,\,x,c,b,`,\,x,a,5,\,x
a,1,i,\,x,9,2,\,x,c,e,(
>,\,x,8,6,\,x,d,a,\,n,\
x,1,8,G,\,x,8,1,\,x,0,5
\,x,a,0,\,x,d,9,\,x,a,0
A,\,x,8,4,z,E,\,x,b,e,\
x,8,c,\,x,9,e,\,n,T,*,\
x,8,c,g,\,x,e,7,\,x,f,5
\,x,a,0,E,\,x,1,2,\,x,c
a,\,x,a,1,\,x,f,a,\,x,8
c,\,x,9,e,\,x,0,6,P,G,\
x,a,a,7,`,\,x,8,d,\,x,a
0,\,x,8,d,\,x,a,1,:,(,6
\,x,8,d,:,\,x,0,6,R,\,x
1,3,\,x,e,3,{,h,\,x,d,7
\,x,a,1,\,t,\,x,a,1,>,\
x,1,6,\,x,9,e,\,x,8,c,\
x,9,e,\,x,0,0,X,G,\,x,e
2,\,x,8,3,%,?,\,x,a,0,\
x,0,5,\,x,0,2,H,\,n,>,\
x,8,b,\,x,1,a,\,x,0,8,\
x,d,2,\,x,1,3,\,x,c,0,\
x,9,1,\,x,e,1,;,\,x,a,0
!,J,z,\,x,1,8,Z,\,x,8,d
\,x,b,a,\,x,0,0,P,\,x,1
e,\,x,8,0,O,\,x,e,8,\,x
1,b,\,x,a,0,\,x,0,1,\,n
z,\,x,a,1,\,x,f,e,\,x,7
f,^,\,x,0,8,\,x,d,4,\,x
0,5,\,x,8,0,\,x,a,3,\,'
\,x,c,3,\,x,a,1,m,\,x,9
2,\,x,c,e,F,z,\,x,8,d,\
x,d,a,\,x,0,4,\,x,1,8,G
\,x,c,0,\,x,9,1,\,x,e,8
\,x,e,3,\,x,a,0,e,\,x,8
2,H,\,x,0,1,\,x,9,e,\,x
8,e,:,\,x,0,6,\,x,1,0,\
x,a,7,\,x,a,0,\,x,1,f,\
x,e,5,=,\,x,e,0,!,\,x,c
0,\,\,!,\,x,d,a,\,x,8,e
~,\,x,0,2,T,G,\,x,a,9,Q
\,x,e,8,;,\,x,a,0,!,\,x
c,2,\,x,a,8,!,^,\,x,8,e
\,x,b,a,\,x,0,6,R,\,x,1
3,\,x,e,8,O, ,\,x,9,9,\
x,e,0,%,A,\,x,e,8,\,x,8
4,\,x,b,a,H,^,\,x,0,8,\
x,d,4,\,x,1,e,\,x,c,b,\
x,d,1,"""",\,x,b,1,\,x,e,0
\,x,8,d,A,\,x,e,a,\,x,0
5,\,x,d,a,\,x,8,e,\,x,f
e,\,x,0,2,\,x,1,e,\,x,1
3,\,x,e,c,\,x,1,7,!,/,\
x,e,1,m,A,\,x,e,a,\,x,8
4,^,`,\,x,0,5,\,x,c,1,\
x,1,7,h,\,x,f,1,\,4,^,\
x,8,f,^,\,x,0,4,\,x,1,c
\,x,0,1,\,x,8,c,|,X,\,x
f,c,C,$,\,x,c,b,q,H,\,x
0,5,%,Z,\,x,0,6,Z,A,\,x
8,c,\,x,8,4,\,x,a,9,\,x
0,f,\,x,e,0,\,x,a,0,\,x
c,6,\,x,c,a,\,x,8,9,\,x
0,e,\,x,9,1,\,x,1,e,\,n
`,u,\,x,e,0,\,x,c,8,\,x
a,9,\,x,1,5,\,x,e,0,&,\
x,d,8,Z,H,\,x,d,a,\,x,8
4,\,x,f,a,\,x,0,2,\,x,1
c,\,x,a,7,\,x,e,4,g,\,x
a,9,\,x,1,f,\,x,a,0,\,x
a,5,\,x,c,0,\,\,\,x,0,4
R,\,x,9,2,\,x,1,e,\,x,0
8,\,x,d,4,\,x,1,e,\,x,a
0,],),\,',\,x,e,0,\,x,0
1,A,\,x,e,a,\,x,8,f,\,x
f,e,\,x,0,b,\,x,1,e,\,x
0,2,T,*,\,x,c,0,?,h,\,x
d,3,\,x,e,0,E,\,x,c,2,\
x,a,c,\,x,8,4,\,x,b,e,H
^,\,x,1,0,\,x,9,4,\,x,1
e,\,x,a,8,-,\,x,a,9,+,\
x,e,0,\,x,a,5,\,x,c,2,\
x,a,8,\,x,9,1,r,\,x,9,2
\,x,f,e,\,x,0,0,\,x,1,4
\,x,1,e,\,x,e,8,\,r,\,'
\,x,d,d,\,x,a,1,k,\,x,0
1,Z,\,x,1,b,\,x,d,2,},\
x,d,e,\,x,0,4,4,W,\,x,c
1,\,x,b,3,\,x,a,2,#,\,x
a,1,"""",\,x,e,d,O,\,x,c,0
/,\,x,0,8,\,x,8,2,p,\,x
b,e,\,x,d,4,\,x,f,4,C,`
\,x,c,b,U,\,r,\,x,c,1,\
x,1,7,\,x,c,4,\,x,1,e,\
x,c,4,>,\,x,1,9,\,x,f,a
\,x,1,5,L,B,\,x,f,4,\,x
8,5,\,x,b,3,\,x,1,7,\,x
a,1,^,\,x,8,0,s,\,x,0,0
\,x,9,c,\,x,e,c,M,\,x,e
5,],\,x,e,0,\,x,0,7,\,x
8,0,\,x,9,e,\,x,8,0,\,x
1,e,\,x,1,e,\,x,b,a,\,x
0,0,x,\,r,\,x,a,c,\,x,9
9,!,/,\,x,e,0,E,\,x,d,2
~,\,x,0,3,\,x,9,a,\,x,1
4,>,\,x,0,8,\,x,9,c,$,\
x,8,1,\,x,a,5,i,7,\,x,e
0,a,A,\,x,e,e,\,x,8,2,\
x,d,a,\,x,8,e,~,\,x,0,4
T,$,\,x,a,2,\,x,0,f,\,x
e,1,\,x,f,5,\,x,a,0,C,\
x,8,d,l,I,\,x,d,e,\,x,1
1,\,x,1,e,\,x,0,4,T,\,x
0,5,\,x,a,0,], ,\,x,d,b
\,x,e,0,#,\,x,0,0,^,\,x
0,0,\,x,d,e,\,x,1,0,>,\
x,0,2,0,\,x,1,5,\,x,8,8
/,\,x,a,5,m,\,x,a,0,G,\
x,0,0,\,x,1,c,\,x,0,1,\
x,d,a,\,x,0,6,:,\,x,1,6
\,x,b,8,\,x,1,5,\,x,c,8
e,\,x,e,4,m,\,x,a,0,\,x
0,5,\,x,c,0,\,x,1,8,\,x
1,0,\,x,b,6, ,\,x,d,a,\
x,0,8,\,x,f,0,{,\,x,8,8
\,x,9,f,\,x,e,3,%,\,x,a
0,C,\,x,0,0,\,x,9,a,\,x
9,b,V,\,x,0,4,\,x,1,a,\
x,0,0,T,X,\,x,a,9,\,x,0
b,b,U,\,x,a,1,\,x,0,b,\
x,0,7,\,x,b,c,\,t,\,x,f
e,\,x,0,8,\,x,f,e,\,x,0
6,\,x,1,c,\,r,\,x,8,8,\
x,0,5,\,x,e,3,\,',\,x,a
0,c,\,x,0,0,\,x,1,a,\,x
8,2,\,x,f,e,3,Z,\,n,x,\
r,\,x,c,1,_,\,x,a,3,!,\
x,e,0,\,x,0,7,\,x,0,0,\
x,1,a,\,x,8,2,^,\,x,1,f
\,x,d,e,\,x,0,2,<,\,x,0
1,\,x,a,9,],\,x,a,4,\,x
8,5,\,x,e,1,\,t,\,x,c,5
\,x,8,e,\,x,0,1,\,x,d,6
\,x,0,f,\,x,0,5,\,x,e,8
i,i,?,\,x,e,0,\,x,0,1,R
~,\,x,1,0,\,x,b,2,\,x,0
0,\,x,9,a,\,n,p,\,x,0,5
\,x,e,0,],\,x,a,9,C,\,x
e,0,\,x,0,5,\,x,c,0,^,\
x,0,3,\,x,f,6,\,x,8,a,\
x,9,e,\,x,0,4,\,x,1,4,*
\,x,c,9,\,x,b,9,\,x,e,0
\,x,1,d,\,x,a,0,\,',\,x
0,1,\,x,e,a,\,n,>,+,:,\
x,0,0,X,*,\,x,8,1,\,x,1
7,\,x,a,0,\,x,8,d,\,x,e
0,%,\,x,c,1,\,x,e,8,\,x
9,6,\,x,9,2,\,x,1,2,\,x
d,e,\,n,\,\,$,\,x,8,1,i
\,x,a,9,E,\,x,e,0,%,\,x
c,2,L,\,x,0,3,\,x,f,2,\
x,1,0,\,x,1,e,\,x,0,8,\
x,9,c,*,\,x,8,c,g,`,\,x
c,7,\,x,a,1,\,r,\,x,8,a
z,\,x,b,7,\,x,b,e,N,\,x
9,a,\,x,0,2,X,\,x,a,7,\
x,8,9,\,x,1,5,\,x,e,4,\
x,e,b,\,x,a,0,%,R,\,x,c
a,\,x,9,1,\,x,1,2,\,x,9
4,\,x,b,e,\,x,0,0,.,\,x
1,3,\,x,8,1,\,x,1,1, ,\
x,c,1,\,x,a,0,A,\,x,8,4
|,\,x,9,3,~,G,\,x,d,a,\
x,1,0,\,x,9,2,\,x,1,3,\
x,c,9,\,x,c,7,i,M,\,x,a
0,\,x,a,5,\,x,8,a,x,\,x
1,5,\,x,1,2,\,x,8,e,^,\
n,V,\,x,1,3,\,x,e,c,\,x
a,9,\,x,e,9,U,\,x,a,0,A
!,:,(,2,\,x,9,5,\,x,b,a
\,x,0,4,Z,\,x,1,3,\,x,8
8,\,x,d,b,`,\,x,8,1,\,x
a,0,%,\,x,a,1,<,\,x,1,c
r,\,x,8,c,\,x,9,a,\,x,0
0,$,\,x,a,5,\,x,c,1,\,x
c,0,),_,\,x,e,0,\,x,8,9
\,x,8,4,z,(,>,\,x,9,6,\
x,1,a,\,x,0,8,\,x,9,a,\
x,1,3,\,x,c,8,\,x,d,b,d
},\,x,a,0,\,x,a,5,!,8,\
x,1,0,R,\,x,8,1,\,x,d,a
\,x,0,2,\,x,1,9,",",\,x,8
1,\,x,8,2,\,x,a,8,\,x,8
9,\,x,a,0,!,\,n,x,\,x,8
d,\,x,b,2,\,x,9,3,Z,\,x
0,4,\,x,1,1,",",\,x,c,9,\
x,1,1,\,x,a,8,5,\,x,a,0
b,\,x,e,5,\,x,9,e,\,x,8
2,~,\,x,8,c,\,x,1,a,\,x
0,4,Z,\,x,1,3,\,x,a,2,7
),\,x,1,d,\,x,a,0,%,\,x
a,1,8,\,x,1,1,^,\,x,9,2
\,x,f,e,\,x,0,0,T,\,x,1
5,\,x,8,4,\,x,b,5,\,x,a
1,e,\,x,e,2,\,x,b,2,!,\
x,1,d,\,x,f,e,\,x,0,2,v
[,\,x,8,0,\,x,e,9,\,x,a
1,\,x,b,3,\,x,e,1,n,\,x
c,a,Z,\,x,8,e,b,\,x,9,7
\,x,1,e,\,x,0,2,",",\,x,d
f,\,x,8,9,\,x,c,0,\,x,e
9,w,\,x,e,1,\,n,R,\,x,0
c,\,n,\,x,8,a,\,x,9,7,\
x,b,a,\,n,f,Y,\,x,a,1,7
),\,x,7,f,\,x,a,0,E,\,x
8,7,8,D,\,x,c,a,\,x,9,8
\,x,1,e,\,x,0,4,f,Y,\,x
a,c,\,x,c,3,(,\,x,1,7,\
x,e,1,i,\,x,c,1,\,x,e,8
\,x,9,2,\,x,a,e,j,\,x,1
e,\,n,f,Y,\,x,a,c,\,x,c
3,(,\,x,d,d,\,x,a,8,D,2
\,x,8,1,\,x,f,a,\,x,0,8
\,x,d,8,\,x,a,7,\,x,c,9
\,x,c,7,\,x,a,9,+,\,x,a
0,e,\,x,8,a,~,\,x,9,1,~
2,\,x,1,a,\,x,0,4,p,\,x
0,1,\,x,c,9,],d,\,x,7,f
\,x,e,0,\,x,0,1,@,\,x,d
8,\,x,0,3,\,x,9,e,\,x,1
4,>,\,x,1,0,\,x,9,c,\,x
1,e,\,x,a,2,\,x,c,9,\,x
e,3,\,x,a,d,\,x,e,8,{,C
\,x,a,5,\,x,8,b,\,x,e,1
W, ,\,x,8,1,\,x,8,0,\,x
c,3,\,x,a,4,\,x,c,4,\,x
1,0,\,x,e,c,\,x,0,1,k,\
x,c,5,|,\,r,a,\,x,9,8,\
x,e,4,Z,L,\,x,b,5,Q,\,x
f,0,\,x,d,1,\,x,8,4,A,\
x,e,a,\,x,0,b,u,\,x,c,c
\,x,8,d,P,\,x,8,0,/,\,x
0,8,\,x,b,5,P,\,x,d,c,\
x,d,2,\,x,c,8,\,x,0,1,\
x,0,b,L,8,\,x,c,c,\,x,a
d,/,\,x,8,0,\,x,0,6,4,\
x,9,c,\,x,a,2,\,x,1,3,\
x,e,4,\,x,9,4,\,x,0,5,\
x,a,4,\,x,0,7,\,x,0,e,\
x,c,c,\,x,d,e,\,x,8,b,\
x,b,e,\,x,0,4,\,x,1,c,\
x,1,5,\,x,c,1,:,\,x,1,5
\,x,d,c,\,x,0,1,\,x,0,b
\,x,8,1,\,x,e,a,L,\,x,f
6,6,\,x,1,a,\,x,0,0,q,6
4,\,x,d,0,T,f,R,\,x,b,4
\,x,1,1,\,x,d,e,M,6,a,\
x,8,0,4,\,x,0,4,\,x,c,0
\,x,c,c,\,x,d,5,\,x,e,5
\,x,1,f,\,x,e,2,\,x,a,f
\,x,0,8,!,\,x,c,d,m,n,A
+,\,t,\,x,1,d,\,x,e,4,\
x,d,9,"""",%,\,x,e,3,D,\,x
0,c,\,x,1,8,\,x,9,9,\,x
f,2,4,\,x,f,a,\,n,t,\,x
b,1,8,\,x,b,6,\,x,9,6,\
x,1,0,\,x,0,1,\,x,0,b,\
x,c,5,|,\,x,0,0,\,x,1,2
%,\,x,b,a,\,x,0,2,},6,:
\,x,1,a,\,x,d,4,\,x,f,4
\,x,0,0,c,I,\,x,c,c,\,x
1,b,\,x,d,e,\,x,1,f,\,x
1,e,\,x,0,2,t,W,\,x,8,2
\,x,1,3,!,\,x,c,f,\,x,e
0,g,L,:,M,\,x,b,6,\,x,0
6,\,x,f,e,\,x,0,4,\,\,*
\,x,a,c,\,x,d,3,\,x,e,0
\,t,\,x,e,0,G,E,x,\,x,8
e,\,x,f,6,\,x,1,f,\,x,d
e,\,x,0,2,|,\,x,d,6,\,x
c,8,],(,S,\,x,e,1,\,x,0
b,\,x,0,0,\,x,9,a,\,x,a
7,\,x,1,2,\,x,0,7,\,x,d
a,\,x,1,0,\,x,b,0,W,\,x
8,8,\,x,e,7,#,[,\,x,a,1
\,x,0,b,%,\,x,b,8,\,x,8
9,\,x,f,e,\,x,1,4,Z,\,x
0,4,x,\,x,0,1,\,x,a,c,\
x,d,d,\,x,e,0,u,\,x,e,1
\,t,@,\,x,9,8,\,x,1,3,R
D,z,\,x,1,6,\,x,f,0,\,x
d,6,\,x,8,4,\,x,9,d,\,x
a,8,%,\,x,e,0,!,\,x,c,1
\,x,e,8,\,x,9,6,\,x,9,e
\,x,1,7,\,x,b,e,\,x,0,0
\,x,1,4,*,\,x,e,0,W,#,!
\,x,a,0,\,x,8,b,\,x,8,7
\,x,b,c,\,x,c,d,\,x,f,e
\,x,8,2,\,x,b,a,\,x,0,6
P,7,\,x,a,8,%,\,x,a,5,m
\,x,a,1,\,r,@,X,!,\,x,f
a,\,x,8,8,\,x,d,e,\,x,0
8,\,x,9,4,\,x,1,e,\,x,a
1,\,x,8,b,a,\,x,e,9,\,x
a,0,\,x,0,1,\,x,c,2,H,\
x,9,2,"""",\,x,9,2,\,x,1,a
\,x,1,0,\,x,9,8,\,x,1,e
\,x,a,0,\,x,9,f,(,7,\,x
e,0,\,x,a,5,D,z,\,x,8,1
\,x,f,a,\,x,9,c,\,x,1,e
\,x,1,6,\,x,9,4,\,x,1,e
\,x,e,0,-,),\,x,c,7,\,x
e,1,\,t,\,x,c,2,H,\,x,c
6,r,\,r,\,x,b,a,\,x,0,6
\,x,1,8,G,\,x,e,8,\,x,1
9,h,\,x,8,9,\,x,e,0,\,x
8,9,\,x,d,2,z,\,x,8,1,\
x,d,a,H,\,x,d,a,\,x,1,0
\,x,9,e,\,x,1,3,\,x,a,9
\,x,8,2,\,',\,x,f,5,\,x
a,0,!,\,x,c,1,\,x,e,a,\
x,0,5,~,\,x,7,f,\,x,9,e
\,x,0,4,T,$,\,x,a,c,\,x
e,5,#,\,x,9,d,\,x,e,1,\
r,\,x,1,2,\,x,c,a,(,2,H
z,F,I,L,E,N,A,M,E,:,p,a
r,a,m,s,.,g,d,.,n,p,y,\
d,e,s,c,r,\,',:, ,\,',<
i,4,\,',",", ,\,',f,o,r,t
a,p,e,\,',:, ,(,1,7,",", 
 , ,\,n,\,n,\,x,0,0,\,x
0,0,\,x,0,0,\,x,0,5,\,x
0,0,\,x,0,0,\,x,0,0,\,x
0,c,\,x,0,0,\,r,\,x,0,1
\,x,0,e,\,x,0,2,\,x,0,3
\,x,0,8,\,x,0,7,\,x,0,b
\,x,0,0,\,x,0,0,\,x,0,0
\,n,\,x,0,0,\,x,0,4,\,t
\,x,0,6,F,I,L,E,N,A,M,E
:,u,s,a,g,e,.,g,d,.,n,p
y,\,a,p,e,\,',:, ,(,6,2
7,",", , ,\,n,e,%,\,x,1,6
\,x,0,0,N,.,\,x,0,6,\,t
O,*,\,t,\,x,0,0,f,D,\,x
0,8,\,x,0,b,\,x,0,6,D,\
x,0,c,\,x,0,4,R,(,\,n,\
t,\,x,0,3,\,x,0,6,\,x,0
0,!,\,x,1,0,\,x,0,3,"""",\
x,0,c,\,x,0,3,Y,\,t,\,x
0,4,\,x,1,b,\,x,0,0,\,x
0,2,\,x,0,3,\,x,0,7,\,x
0,3,*,\,x,0,8,\,x,0,3,M
\,x,1,1,\,x,0,2,\,x,0,3
\,x,0,6,\,x,0,7,\,x,0,2
\,x,0,8,\,x,0,3,\,x,0,4
\,x,0,3,\,x,0,6,\,x,0,2
\,x,1,f,\,x,0,4,\,x,0,2
:,\,x,1,3,\,x,0,2,\,x,0
4,\,x,0,1,\,x,0,3,\,x,0
1,\,x,0,2,\,x,0,4,\,x,0
1,\,x,1,0,\,x,0,7,\,x,0
3,\,x,0,2,\,x,0,6,\,x,0
1,\,x,0,4,\,x,0,3,\,x,0
c,\,x,0,4,\,x,0,6,\,x,0
6,\,x,0,8,\,x,1,1,\,x,1
3,\,x,0,0,G,\,x,1,3,\,x
0,3,K,/,\,n,\,x,0,0,\,x
1,f,\,x,0,8,\,x,0,1,\,x
1,e,\,x,0,3,\,x,0,2,1,\
x,0,0,\,x,0,3,\,x,0,2,&
\,x,0,2,\,x,0,3,\,x,0,6
 ,\,x,1,1,\,x,0,6,\,x,0
2,\,t,\,x,0,7,Z,\,r,\,x
0,0,\,x,1,0,\,r,\,x,0,e
\,x,0,4,\,x,0,4,\,x,0,6
\,x,0,6,\,x,0,6,\,x,0,3
\,x,0,2,\,x,0,7,\,x,0,2
\,x,0,6,),\,x,0,4,\,x,1
0,\,n,\,x,0,4,\,x,0,0,\
x,0,8,\,x,0,8,\,x,0,4,\
x,0,f,\,x,0,1,\,t,\,x,0
1,\,x,0,2,\,x,0,3,\,x,0
0,\,x,0,8,\,x,0,0,\,x,0
4,\,n,\,x,0,6,\,x,0,3,\
x,0,3,\,x,0,4,\,x,0,2,""""
=,\,x,0,0,\,x,0,3,\,t,\
x,0,2,\,x,0,2,\,x,0,4,\
x,0,1,\,x,0,2,\,x,0,0,\
x,0,1,\,x,1,e,\,x,0,0,\
x,0,3,\,x,0,2,\,x,0,0,\
n,\,t,\,x,1,e,\,x,0,4,\
x,0,3,\,',\,x,0,e,\,x,0
3,\,x,0,8,\,x,0,0,\,x,0
2,\,x,0,6,\,x,0,2,\,x,0
3,\,x,0,4,\,x,0,3,\,x,0
8,\,x,0,b,"""",\,x,0,4,4,\
x,0,2,\,x,0,6,\,x,0,4,\
x,0,8,\,x,0,6,\,t,\,x,0
4,\,x,0,2,\,x,0,4,\,x,0
7,\,x,0,2,\,x,0,7,\,x,0
4,\,x,0,3,\,x,0,6,\,x,0
0,\,x,0,3,\,x,0,2,\,x,1
d,\,x,0,3,\,x,0,0,\,x,0
6,\,x,0,8,\,x,0,3,\,x,0
0,\,x,0,2,\,x,0,6,\,x,0
7,\,x,0,7,\,x,0,1,\,x,0
3,\,r,\,x,0,1,\,x,0,1,\
x,1,7,\,x,0,3,\,x,0,4,\
x,0,2,\,x,0,1,\,x,0,6,\
x,0,1,\,x,0,1,\,x,1,2,\
x,0,3,\,x,0,3,\,x,0,3,\
x,0,1,\,n,\,x,0,2,\,x,0
3,\,t,\,x,0,2,\,x,1,0,\
x,0,2,\,x,0,2,\,x,0,1,\
x,0,3,\,x,0,0,\,x,0,0,\
x,0,7,\,x,0,2,\,x,1,4,\
x,0,6,\,x,0,f,\,x,0,1,\
x,0,3,\,x,0,1,\,x,0,7,\
x,0,1,\,n,\,x,0,4,\,x,0
8,\,x,0,4,\,t,\,x,0,0,\
x,1,0,\,x,0,3,\,n,\,x,0
3,\,x,0,2,\,x,0,2,\,x,0
6,\,x,0,3,\,x,0,3,\,x,0
7,\,x,0,2,\,x,0,4,\,x,0
1,\,x,0,0,\,x,0,3,\,x,0
6,\,x,0,1,\,x,0,4,\,x,0
4,\,x,0,7,\,x,0,2,\,x,0
0,\,x,0,4,\,x,0,2,\,r,\
x,0,1,\,x,1,0,\,x,0,1,\
x,0,1,\,x,0,1,\,x,0,3,\
x,0,2,\,x,0,3,\,t,\,n,\
x,0,3,\,x,0,0,\,x,0,6,\
x,0,2,\,x,0,2,\,x,0,6,\
x,0,3,\,x,0,2,\,x,0,1,\
x,0,c,\,x,0,2,\,x,0,3,\
x,0,1,\,x,0,2,\,x,0,1,\
x,0,2,\,x,0,1,\,x,0,0,\
x,0,1,\,x,0,3,\,x,0,4,\
x,0,2,\,x,0,1,\,x,0,1,\
x,0,1,\,x,0,1,\,x,0,1,\
x,0,1,\,x,0,4,\,x,0,8,\
x,0,2,\,x,1,2,\,x,0,3,\
x,0,1,\,x,0,3,\,x,0,1,\
x,0,3,\,x,0,1,\,x,0,3,\
x,0,3,\,x,0,1,\,x,0,1,\
x,0,6,\,x,0,1,\,x,0,2,\
x,0,7,\,x,0,1,\,x,0,1,\
x,0,2,\,x,0,c,\,x,0,1,\
x,0,3,\,x,0,7,\,x,0,1,\
x,0,4,\,x,0,2,\,x,0,2,\
x,0,2,\,x,0,2,\,x,0,3,\
x,1,9,\,x,0,4,\,x,0,0,\
